filename,index
2012m1_ref86_3se_FL2770052,0.09633928207360891
2012m1_ref86_3se_FL2774836,0.0
2012m1_ref86_3se_FL2774837,3.611101149728202e-05
2012m1_ref86_3se_FL2774838,0.0015042221374472376
2012m1_ref86_3se_FL2774839,0.002972333417474104
2012m1_ref86_3se_FL2774840,0.00444044500322784
2012m1_ref86_3se_FL2774841,0.005908556123446913
2012m1_ref86_3se_FL2774842,0.007376667253078945
2012m1_ref86_3se_FL2774843,0.008503555120791144
2012m1_ref86_3se_FL2774844,0.00963044281866499
2012m1_ref86_3se_FL2774845,0.010757330688950257
2012m1_ref86_3se_FL2774846,0.011884218559234999
2012m1_ref86_3se_FL2774847,0.013011106393239958
2012m1_ref86_3se_FL2774848,0.014137994265108724
2012m1_ref86_3se_FL2774849,0.015264882136824115
2012m1_ref86_3se_FL2774850,0.016391770008557044
2012m1_ref86_3se_FL2774851,0.01751865788029132
2012m1_ref86_3se_FL2774852,0.018645545565213993
2012m1_ref86_3se_FL2774853,0.019772433436890335
2012m1_ref86_3se_FL2774854,0.020899321308585683
2012m1_ref86_3se_FL2774855,0.02202620918028249
2012m1_ref86_3se_FL2774856,0.02315309705195883
2012m1_ref86_3se_FL2774857,0.024327092714399787
2012m1_ref86_3se_FL2774858,0.025501088432140905
2012m1_ref86_3se_FL2774859,0.026675084091644905
2012m1_ref86_3se_FL2774860,0.0278490797510144
2012m1_ref86_3se_FL2774861,0.029023075419933216
2012m1_ref86_3se_FL2774862,0.030197071056642703
2012m1_ref86_3se_FL2774863,0.03137106671632435
2012m1_ref86_3se_FL2774864,0.03254506237588954
2012m1_ref86_3se_FL2774865,0.03371905803557238
2012m1_ref86_3se_FL2774866,0.03489305369525403
2012m1_ref86_3se_FL2774867,0.036067049228597076
2012m1_ref86_3se_FL2774868,0.037241044894593525
2012m1_ref86_3se_FL2774869,0.03841504055103996
2012m1_ref86_3se_FL2774870,0.03958903621703571
2012m1_ref86_3se_FL2774871,0.04076303190036807
2012m1_ref86_3se_FL2774872,0.041937027558161005
2012m1_ref86_3se_FL2774873,0.04311102322539385
2012m1_ref86_3se_FL2774874,0.044285018883212325
2012m1_ref86_3se_FL2774875,0.04511236761464213
2012m1_ref86_3se_FL2774876,0.04593971625886235
2012m1_ref86_3se_FL2774877,0.046767064912498726
2012m1_ref86_3se_FL2774878,0.04759441355658443
2012m1_ref86_3se_FL2774879,0.048421762210220605
2012m1_ref86_3se_FL2774880,0.04924911085443813
2012m1_ref86_3se_FL2774881,0.05007645950807431
2012m1_ref86_3se_FL2774882,0.05090380815229472
2012m1_ref86_3se_FL2774883,0.0517311568059309
2012m1_ref86_3se_FL2774884,0.05255850545001681
2012m1_ref86_3se_FL2774885,0.05338585410365299
2012m1_ref86_3se_FL2774886,0.054289484403384575
2012m1_ref86_3se_FL2774887,0.05519311469676202
2012m1_ref86_3se_FL2774888,0.05609674498020828
2012m1_ref86_3se_FL2774889,0.057000375254238324
2012m1_ref86_3se_FL2774890,0.05790400553768459
2012m1_ref86_3se_FL2774898,0.04546411478843798
2012m1_ref86_3se_FL2774899,0.04660297546494517
2012m1_ref86_3se_FL2774900,0.04774183615073091
2012m1_ref86_3se_FL2774901,0.0488806968272379
2012m1_ref86_3se_FL2774902,0.05001955751302652
2012m1_ref86_3se_FL2774903,0.05115841818953082
2012m1_ref86_3se_FL2774904,0.05229727887531945
2012m1_ref86_3se_FL2774905,0.05343613955169192
2012m1_ref86_3se_FL2774906,0.05482301714765394
2012m1_ref86_3se_FL2774907,0.05620989471330002
2012m1_ref86_3se_FL2774908,0.057596772279080624
2012m1_ref86_3se_FL2774909,0.05898364984486157
2012m1_ref86_3se_FL2774910,0.06037052732861777
2012m1_ref86_3se_FL2774911,0.06175740488598571
2012m1_ref86_3se_FL2774912,0.0631442824527693
2012m1_ref86_3se_FL2774913,0.06453116002702312
2012m1_ref86_3se_FL2774914,0.06591803759484412
2012m1_ref86_3se_FL2774916,0.06541993022363868
2012m1_ref86_3se_FL2774917,0.06670628471764097
2012m1_ref86_3se_FL2774918,0.06799263921150349
2012m1_ref86_3se_FL2774919,0.06927899370550576
2012m1_ref86_3se_FL2774920,0.07056534818995766
2012m1_ref86_3se_FL2774921,0.0718517026839547
2012m1_ref86_3se_FL2774922,0.07313805717795661
2012m1_ref86_3se_FL2774923,0.07442441167182438
2012m1_ref86_3se_FL2774924,0.07571076611947351
2012m1_ref86_3se_FL2774925,0.07699712060796647
2012m1_ref86_3se_FL2774926,0.077966865218549
2012m1_ref86_3se_FL2774927,0.07893660983866933
2012m1_ref86_3se_FL2774928,0.07990635444924062
2012m1_ref86_3se_FL2774929,0.08087609906936095
2012m1_ref86_3se_FL2774930,0.08184584367994348
2012m1_ref86_3se_FL2774931,0.08281558712893568
2012m1_ref86_3se_FL2774932,0.08378533104432559
2012m1_ref86_3se_FL2774933,0.08475507367357343
2012m1_ref86_3se_FL2774934,0.08573465966364183
2012m1_ref86_3se_FL2774935,0.08670180110554454
2012m1_ref86_3se_FL2774936,0.08768001891976657
2012m1_ref86_3se_FL2774937,0.08864963050645495
2012m1_ref86_3se_FL2774938,0.08964291978724992
2012m1_ref86_3se_FL2774939,0.09061834192161815
2012m1_ref86_3se_FL2774940,0.09158242217285342
2012m1_ref86_3se_FL2774941,0.09254650243231803
2012m1_ref86_3se_FL2774942,0.09351112805496123
2012m1_ref86_3se_FL2774943,0.0945007888809055
2012m1_ref86_3se_FL2774944,0.0954698277749919
2012m1_ref86_3se_FL2774945,0.09643876067973525
2012m1_ref86_3se_FL2774946,0.09744409861397596
2012m1_ref86_3se_FL2774947,0.09841081333197162
2012m1_ref86_3se_FL2774948,0.09937748344314638
2012m1_ref86_3se_FL2774949,0.10035255651386173
2012m1_ref86_3se_FL2774950,0.10144336930514768
2012m1_ref86_3se_FL2774951,0.1025341821052127
2012m1_ref86_3se_FL2774952,0.1036918049980781
2012m1_ref86_3se_FL2774953,0.10478329726849242
2012m1_ref86_3se_FL2774954,0.10587478954808197
2012m1_ref86_3se_FL2774955,0.10694109837271022
2012m1_ref86_3se_FL2774956,0.10803408426815596
2012m1_ref86_3se_FL2774957,0.10910900881231692
2012m1_ref86_3se_FL2774958,0.11020148379473332
2012m1_ref86_3se_FL2774959,0.11092086760478462
2012m1_ref86_3se_FL2774960,0.11163985075245653
2012m1_ref86_3se_FL2774961,0.11235875284559531
2012m1_ref86_3se_FL2774962,0.11307765494729793
2012m1_ref86_3se_FL2774963,0.1137965570405624
2012m1_ref86_3se_FL2774964,0.11451545914226503
2012m1_ref86_3se_FL2774965,0.11520805671763733
2012m1_ref86_3se_FL2774966,0.11592766961069406
2012m1_ref86_3se_FL2774967,0.11664728249479879
2012m1_ref86_3se_FL2774968,0.1173668953882759
2012m1_ref86_3se_FL2774969,0.11837513112076331
2012m1_ref86_3se_FL2774970,0.1193833854041267
2012m1_ref86_3se_FL2774971,0.12039166940505694
2012m1_ref86_3se_FL2774972,0.12139995341430482
2012m1_ref86_3se_FL2774973,0.12240823741496501
2012m1_ref86_3se_FL2774974,0.12318321569880064
2012m1_ref86_3se_FL2774975,0.12395670623921462
2012m1_ref86_3se_FL2774976,0.12471766683593069
2012m1_ref86_3se_FL2774977,0.12549288567509292
2012m1_ref86_3se_FL2774978,0.1262681045224005
2012m1_ref86_3se_FL2774979,0.12704332337003438
2012m1_ref86_3se_FL2774980,0.12781854220919664
2012m1_ref86_3se_FL2774981,0.1285937610569511
2012m1_ref86_3se_FL2774982,0.12936587511915013
2012m1_ref86_3se_FL2774983,0.13013691205762604
2012m1_ref86_3se_FL2774984,0.13094952148444347
2012m1_ref86_3se_FL2774985,0.1316947891576275
2012m1_ref86_3se_FL2774986,0.13246786824025894
2012m1_ref86_3se_FL2774987,0.13324310292558697
2012m1_ref86_3se_FL2774988,0.1340183376028386
2012m1_ref86_3se_FL2774989,0.13479357228820255
2012m1_ref86_3se_FL2774990,0.1355688069735306
2012m1_ref86_3se_FL2774991,0.13634404165089598
2012m1_ref86_3se_FL2774992,0.1371192763361103
2012m1_ref86_3se_FL2774993,0.13789451101347566
2012m1_ref86_3se_FL2774994,0.13866974561431905
2012m1_ref86_3se_FL2774995,0.13944498029433602
2012m1_ref86_3se_FL2774996,0.14022021497424084
2012m1_ref86_3se_FL2774997,0.14099544966263167
2012m1_ref86_3se_FL2774998,0.14177068434253645
2012m1_ref86_3se_FL2774999,0.14254591902255345
2012m1_ref86_3se_FL2775000,0.14332115370245824
2012m1_ref86_3se_FL2775001,0.1440963883903298
2012m1_ref86_3se_FL2775002,0.1448716231445293
2012m1_ref86_3se_FL2775003,0.14564685782587566
2012m1_ref86_3se_FL2775004,0.14642209250679103
2012m1_ref86_3se_FL2775005,0.14719732718825065
2012m1_ref86_3se_FL2775006,0.14797256186971025
2012m1_ref86_3se_FL2775007,0.14874779655066192
2012m1_ref86_3se_FL2775008,0.1495230312400499
2012m1_ref86_3se_FL2775009,0.15029826592088832
2012m1_ref86_3se_FL2775010,0.15107350060234792
2012m1_ref86_3se_FL2775011,0.15184873528326331
2012m1_ref86_3se_FL2775012,0.1526239699647229
2012m1_ref86_3se_FL2775013,0.15339920464567458
2012m1_ref86_3se_FL2775014,0.1541744393270209
2012m1_ref86_3se_FL2775015,0.15494967400797255
2012m1_ref86_3se_FL2775016,0.1557249086893959
2012m1_ref86_3se_FL2775017,0.15650014337034754
2012m1_ref86_3se_FL2775018,0.15727537805180716
2012m1_ref86_3se_FL2775019,0.15805061274119517
2012m1_ref86_3se_FL2775020,0.1588258474221468
2012m1_ref86_3se_FL2775021,0.15960108210349316
2012m1_ref86_3se_FL2775022,0.16037631743979594
2012m1_ref86_3se_FL2775023,0.16115155231419614
2012m1_ref86_3se_FL2775024,0.16192678699310425
2012m1_ref86_3se_FL2775025,0.16270202167201236
2012m1_ref86_3se_FL2775026,0.16347725636013624
2012m1_ref86_3se_FL2775027,0.16425249103904435
2012m1_ref86_3se_FL2775028,0.16502772571795246
2012m1_ref86_3se_FL2775029,0.16580296040607637
2012m1_ref86_3se_FL2775030,0.16657819508498445
2012m1_ref86_3se_FL2775031,0.1673534299404025
2012m1_ref86_3se_FL2775032,0.16812866462568082
2012m1_ref86_3se_FL2775033,0.16890389931082836
2012m1_ref86_3se_FL2775034,0.16967913398717271
2012m1_ref86_3se_FL2775035,0.1704543686399268
2012m1_ref86_3se_FL2775036,0.1712296033202375
2012m1_ref86_3se_FL2775037,0.17200483809747757
2012m1_ref86_3se_FL2775038,0.1727800727803143
2012m1_ref86_3se_FL2775039,0.17355530745394954
2012m1_ref86_3se_FL2775040,0.17433054213711757
2012m1_ref86_3se_FL2775041,0.17510577681995426
2012m1_ref86_3se_FL2775042,0.17588101150312227
2012m1_ref86_3se_FL2775043,0.1766562462088448
2012m1_ref86_3se_FL2775044,0.1774314808913241
2012m1_ref86_3se_FL2775045,0.1782067155736575
2012m1_ref86_3se_FL2775046,0.1789819502561368
2012m1_ref86_3se_FL2775047,0.17975718493828008
2012m1_ref86_3se_FL2775048,0.18053241962074476
2012m1_ref86_3se_FL2775049,0.18130765430309279
2012m1_ref86_3se_FL2775050,0.18208288898557207
2012m1_ref86_3se_FL2775051,0.18285812366790546
2012m1_ref86_3se_FL2775052,0.18363335835018
2012m1_ref86_3se_FL2775053,0.18440859305560345
2012m1_ref86_3se_FL2775054,0.1851838277330581
2012m1_ref86_3se_FL2775055,0.1859590624198254
2012m1_ref86_3se_FL2775056,0.18673429709741127
2012m1_ref86_3se_FL2775057,0.18750953178417856
2012m1_ref86_3se_FL2775058,0.18828476646155554
2012m1_ref86_3se_FL2775059,0.18906000114830795
2012m1_ref86_3se_FL2775060,0.1898352358258938
2012m1_ref86_3se_FL2775061,0.19061047051266108
2012m1_ref86_3se_FL2775062,0.1913857051586817
2012m1_ref86_3se_FL2775063,0.19216093983464613
2012m1_ref86_3se_FL2775064,0.19293617451992767
2012m1_ref86_3se_FL2775065,0.19371140920519392
2012m1_ref86_3se_FL2775066,0.19448664388115836
2012m1_ref86_3se_FL2775067,0.1952618785664399
2012m1_ref86_3se_FL2775068,0.19603711259871004
2012m1_ref86_3se_FL2775069,0.1968123472780061
2012m1_ref86_3se_FL2775070,0.197587581957325
2012m1_ref86_3se_FL2775071,0.19836281663651742
2012m1_ref86_3se_FL2775072,0.19913805132481674
2012m1_ref86_3se_FL2775073,0.19991328600400918
2012m1_ref86_3se_FL2775074,0.20067239067370252
2012m1_ref86_3se_FL2775075,0.2014314969214163
2012m1_ref86_3se_FL2775076,0.20219060316145449
2012m1_ref86_3se_FL2775077,0.20294970940916826
2012m1_ref86_3se_FL2775078,0.20370881564920645
2012m1_ref86_3se_FL2775079,0.20446792189692023
2012m1_ref86_3se_FL2775080,0.20522702811682217
2012m1_ref86_3se_FL2775081,0.205986134360019
2012m1_ref86_3se_FL2775082,0.20674524060336047
2012m1_ref86_3se_FL2775083,0.2075043468535035
2012m1_ref86_3se_FL2775084,0.20826345338160446
2012m1_ref86_3se_FL2775085,0.20902255963170568
2012m1_ref86_3se_FL2775086,0.2097816666362871
2012m1_ref86_3se_FL2775087,0.21054077287738815
2012m1_ref86_3se_FL2775088,0.21131744474642433
2012m1_ref86_3se_FL2775089,0.21209411632491076
2012m1_ref86_3se_FL2775090,0.21287078790327538
2012m1_ref86_3se_FL2775091,0.21364745949026165
2012m1_ref86_3se_FL2775092,0.2144241310687481
2012m1_ref86_3se_FL2775093,0.2152008026468069
2012m1_ref86_3se_FL2775094,0.21597747443112214
2012m1_ref86_3se_FL2775095,0.216754146019951
2012m1_ref86_3se_FL2775096,0.2175308175998401
2012m1_ref86_3se_FL2775097,0.21830748917970602
2012m1_ref86_3se_FL2775098,0.21908416075959516
2012m1_ref86_3se_FL2775099,0.21986083233948428
2012m1_ref86_3se_FL2775100,0.2206375039193502
2012m1_ref86_3se_FL2775101,0.22141316523672852
2012m1_ref86_3se_FL2775102,0.2221888266027283
2012m1_ref86_3se_FL2775103,0.22296448796914348
2012m1_ref86_3se_FL2775104,0.2237401493354361
2012m1_ref86_3se_FL2775105,0.22451581070182358
2012m1_ref86_3se_FL2775106,0.2252914720682388
2012m1_ref86_3se_FL2775107,0.22606713338074128
2012m1_ref86_3se_FL2775108,0.22684279474255847
2012m1_ref86_3se_FL2775109,0.2276184561059143
2012m1_ref86_3se_FL2775110,0.2283941174746402
2012m1_ref86_3se_FL2775111,0.22916977884290993
2012m1_ref86_3se_FL2775112,0.22994544021163585
2012m1_ref86_3se_FL2775113,0.2307211015799056
2012m1_ref86_3se_FL2775114,0.2314967621686948
2012m1_ref86_3se_FL2775115,0.23227242353299957
2012m1_ref86_3se_FL2775116,0.23304808490556914
2012m1_ref86_3se_FL2775117,0.23382374626933577
2012m1_ref86_3se_FL2775118,0.23487540566032067
2012m1_ref86_3se_FL2775119,0.23592706504250258
2012m1_ref86_3se_FL2775120,0.2369787244329878
2012m1_ref86_3se_FL2775121,0.23803038356712208
2012m1_ref86_3se_FL2775122,0.2390820429532061
2012m1_ref86_3se_FL2775123,0.24013370242870472
2012m1_ref86_3se_FL2775124,0.24101617557645125
2012m1_ref86_3se_FL2775125,0.24189864872848688
2012m1_ref86_3se_FL2775126,0.24278112187368822
2012m1_ref86_3se_FL2775127,0.24366359501835105
2012m1_ref86_3se_FL2775128,0.2445460684038187
2012m1_ref86_3se_FL2775129,0.24542854149120832
2012m1_ref86_3se_FL2775130,0.24631101356194512
2012m1_ref86_3se_FL2775131,0.24728015808422907
2012m1_ref86_3se_FL2775132,0.24824930307570145
2012m1_ref86_3se_FL2775133,0.2492184479146578
2012m1_ref86_3se_FL2775134,0.2501875928182367
2012m1_ref86_3se_FL2775135,0.2511567373336361
2012m1_ref86_3se_FL2775136,0.2521258818585838
2012m1_ref86_3se_FL2775137,0.2530950263676622
2012m1_ref86_3se_FL2775138,0.25406417088738464
2012m1_ref86_3se_FL2775146,0.24013370242870472
2012m1_ref86_3se_FL2775147,0.24131049412322128
2012m1_ref86_3se_FL2775148,0.2424872858254448
2012m1_ref86_3se_FL2775149,0.24366407751470537
2012m1_ref86_3se_FL2775150,0.24484086945156452
2012m1_ref86_3se_FL2775151,0.24608551534386763
2012m1_ref86_3se_FL2775152,0.2473301618211815
2012m1_ref86_3se_FL2775153,0.24857480904797385
2012m1_ref86_3se_FL2775154,0.24981945612190343
2012m1_ref86_3se_FL2775155,0.2510641032510638
2012m1_ref86_3se_FL2775156,0.2523087499920751
2012m1_ref86_3se_FL2775157,0.253553396738026
2012m1_ref86_3se_FL2775158,0.2547980434914958
2012m1_ref86_3se_FL2775159,0.2560426902498183
2012m1_ref86_3se_FL2775160,0.25728733699763195
2012m1_ref86_3se_FL2775161,0.25853198374529773
2012m1_ref86_3se_FL2775162,0.25977663049296873
2012m1_ref86_3se_FL2775163,0.26102127723979757
2012m1_ref86_3se_FL2775164,0.2622659239919658
2012m1_ref86_3se_FL2775165,0.26351057074261125
2012m1_ref86_3se_FL2775166,0.26475521749325664
2012m1_ref86_3se_FL2775167,0.26599986424376754
2012m1_ref86_3se_FL2775168,0.267244510994413
2012m1_ref86_3se_FL2775169,0.2684891577450584
2012m1_ref86_3se_FL2775170,0.26937505357269353
2012m1_ref86_3se_FL2775171,0.27026094940678524
2012m1_ref86_3se_FL2775172,0.2711468452275823
2012m1_ref86_3se_FL2775173,0.2720327410577944
2012m1_ref86_3se_FL2775174,0.2729186368977894
2012m1_ref86_3se_FL2775175,0.27380453272702227
2012m1_ref86_3se_FL2775176,0.27469042855623865
2012m1_ref86_3se_FL2775177,0.2755763243790166
2012m1_ref86_3se_FL2775178,0.27646222020897826
2012m1_ref86_3se_FL2775179,0.2772870708409023
2012m1_ref86_3se_FL2775180,0.2781119214728273
2012m1_ref86_3se_FL2775181,0.27893677211415147
2012m1_ref86_3se_FL2775182,0.27976162274607547
2012m1_ref86_3se_FL2775183,0.28058647337799947
2012m1_ref86_3se_FL2775184,0.2814113240111953
2012m1_ref86_3se_FL2775185,0.2822361746510351
2012m1_ref86_3se_FL2775186,0.2830610252871434
2012m1_ref86_3se_FL2775187,0.28388587592943054
2012m1_ref86_3se_FL2775188,0.28471072656218327
2012m1_ref86_3se_FL2775189,0.28553557719507144
2012m1_ref86_3se_FL2775190,0.2863604278279586
2012m1_ref86_3se_FL2775191,0.2871852784607113
2012m1_ref86_3se_FL2775192,0.2880101290935995
2012m1_ref86_3se_FL2775193,0.2888349797264867
2012m1_ref86_3se_FL2775194,0.2896598303592393
2012m1_ref86_3se_FL2775195,0.2904846810015424
2012m1_ref86_3se_FL2775196,0.29130953163441475
2012m1_ref86_3se_FL2775197,0.29213438226730193
2012m1_ref86_3se_FL2775198,0.29295923290005565
2012m1_ref86_3se_FL2775199,0.29378408353294283
2012m1_ref86_3se_FL2775200,0.2946089341671759
2012m1_ref86_3se_FL2775201,0.2954337848029625
2012m1_ref86_3se_FL2775202,0.2962586354441944
2012m1_ref86_3se_FL2775203,0.2966675476374945
2012m1_ref86_3se_FL2775204,0.2970764598307798
2012m1_ref86_3se_FL2775205,0.2974853720239297
2012m1_ref86_3se_FL2775206,0.2978942842172151
2012m1_ref86_3se_FL2775207,0.29917826009293
2012m1_ref86_3se_FL2775208,0.30046223595921545
2012m1_ref86_3se_FL2775209,0.30174621183504924
2012m1_ref86_3se_FL2775210,0.3030301877042366
2012m1_ref86_3se_FL2775211,0.30431416357996094
2012m1_ref86_3se_FL2775212,0.305598139446257
2012m1_ref86_3se_FL2775213,0.3068821153219813
2012m1_ref86_3se_FL2775214,0.30786537980238754
2012m1_ref86_3se_FL2775215,0.3088486442787333
2012m1_ref86_3se_FL2775216,0.3098319087495535
2012m1_ref86_3se_FL2775217,0.3108151732298047
2012m1_ref86_3se_FL2775218,0.3117984377006249
2012m1_ref86_3se_FL2775219,0.31278170218101053
2012m1_ref86_3se_FL2775220,0.31376496667069437
2012m1_ref86_3se_FL2775221,0.31474823114640854
2012m1_ref86_3se_FL2775222,0.31573149562212277
2012m1_ref86_3se_FL2775223,0.31671476009797067
2012m1_ref86_3se_FL2775224,0.3176980245736849
2012m1_ref86_3se_FL2775225,0.3185028091926523
2012m1_ref86_3se_FL2775226,0.31930759382103596
2012m1_ref86_3se_FL2775227,0.320112378430118
2012m1_ref86_3se_FL2775228,0.3209171630556208
2012m1_ref86_3se_FL2775229,0.3217219476718422
2012m1_ref86_3se_FL2775230,0.32252673229734496
2012m1_ref86_3se_FL2775231,0.3233315169229788
2012m1_ref86_3se_FL2775232,0.3241363015484816
2012m1_ref86_3se_FL2775233,0.3249410861647032
2012m1_ref86_3se_FL2775234,0.32574587079020606
2012m1_ref86_3se_FL2775235,0.3265506554158433
2012m1_ref86_3se_FL2775236,0.3273554400319267
2012m1_ref86_3se_FL2775237,0.32816022465756406
2012m1_ref86_3se_FL2775238,0.32906338049154893
2012m1_ref86_3se_FL2775239,0.3299665363345208
2012m1_ref86_3se_FL2775240,0.3308696921725883
2012m1_ref86_3se_FL2775241,0.3317728480106619
2012m1_ref86_3se_FL2775242,0.332676003848595
2012m1_ref86_3se_FL2775243,0.3335791596866686
2012m1_ref86_3se_FL2775244,0.33448231551518587
2012m1_ref86_3se_FL2775245,0.33538547135312496
2012m1_ref86_3se_FL2775246,0.3362886271911985
2012m1_ref86_3se_FL2775247,0.33719178302913155
2012m1_ref86_3se_FL2775248,0.33809493886720515
2012m1_ref86_3se_FL2775249,0.3389980946957224
2012m1_ref86_3se_FL2775250,0.3399012505337964
2012m1_ref86_3se_FL2775251,0.3408044063709435
2012m1_ref86_3se_FL2775252,0.34158000812884276
2012m1_ref86_3se_FL2775253,0.3423556098962854
2012m1_ref86_3se_FL2775254,0.34313121165417776
2012m1_ref86_3se_FL2775255,0.34390681342149276
2012m1_ref86_3se_FL2775256,0.34468241517938464
2012m1_ref86_3se_FL2775257,0.34545801694669276
2012m1_ref86_3se_FL2775258,0.346233618704592
2012m1_ref86_3se_FL2775259,0.34700922047190014
2012m1_ref86_3se_FL2775260,0.347784822229792
2012m1_ref86_3se_FL2775261,0.3485604239972415
2012m1_ref86_3se_FL2775262,0.3493360257551339
2012m1_ref86_3se_FL2775263,0.35052630689871717
2012m1_ref86_3se_FL2775264,0.3517165880387937
2012m1_ref86_3se_FL2775265,0.3529068691768426
2012m1_ref86_3se_FL2775266,0.3540971503243074
2012m1_ref86_3se_FL2775267,0.35528743146222225
2012m1_ref86_3se_FL2775268,0.35647771260982153
2012m1_ref86_3se_FL2775269,0.35766799374773595
2012m1_ref86_3se_FL2775270,0.3588582748952008
2012m1_ref86_3se_FL2775271,0.3600485560412833
2012m1_ref86_3se_FL2775272,0.36093530940548363
2012m1_ref86_3se_FL2775273,0.36182206277909285
2012m1_ref86_3se_FL2775274,0.3627088161432868
2012m1_ref86_3se_FL2775275,0.3635955695074871
2012m1_ref86_3se_FL2775276,0.36448232288123084
2012m1_ref86_3se_FL2775277,0.3653690762454248
2012m1_ref86_3se_FL2775278,0.36625582960962516
2012m1_ref86_3se_FL2775279,0.3671425829832343
2012m1_ref86_3se_FL2775280,0.36802933634743523
2012m1_ref86_3se_FL2775281,0.36891608971162865
2012m1_ref86_3se_FL2775282,0.36980284308537237
2012m1_ref86_3se_FL2775283,0.3706895964452373
2012m1_ref86_3se_FL2775284,0.3715763498157115
2012m1_ref86_3se_FL2775285,0.3724396469776418
2012m1_ref86_3se_FL2775286,0.37330294414912296
2012m1_ref86_3se_FL2775287,0.37416624131105325
2012m1_ref86_3se_FL2775288,0.3750295384823994
2012m1_ref86_3se_FL2775289,0.37589283564432363
2012m1_ref86_3se_FL2775290,0.37675613281580433
2012m1_ref86_3se_FL2775291,0.37761942997773507
2012m1_ref86_3se_FL2775292,0.3784827271490812
2012m1_ref86_3se_FL2775293,0.3793460243111461
2012m1_ref86_3se_FL2775294,0.38020932147307035
2012m1_ref86_3se_FL2775295,0.3810726186435039
2012m1_ref86_3se_FL2775296,0.3819509428550231
2012m1_ref86_3se_FL2775297,0.3828292670760931
2012m1_ref86_3se_FL2775298,0.3837075912971687
2012m1_ref86_3se_FL2775299,0.3845859155086879
2012m1_ref86_3se_FL2775300,0.38546423972020716
2012m1_ref86_3se_FL2775301,0.3863425639412828
2012m1_ref86_3se_FL2775302,0.38722088816235234
2012m1_ref86_3se_FL2775303,0.38809921237387157
2012m1_ref86_3se_FL2775304,0.3889775365853908
2012m1_ref86_3se_FL2775305,0.3898558608064664
2012m1_ref86_3se_FL2775306,0.39065064707081404
2012m1_ref86_3se_FL2775307,0.3914454333283077
2012m1_ref86_3se_FL2775308,0.39224021958484856
2012m1_ref86_3se_FL2775309,0.3930350058415309
2012m1_ref86_3se_FL2775310,0.39382979210748753
2012m1_ref86_3se_FL2775311,0.39462457836416287
2012m1_ref86_3se_FL2775312,0.39541936462070365
2012m1_ref86_3se_FL2775313,0.39621415088680123
2012m1_ref86_3se_FL2775314,0.39700893714334207
2012m1_ref86_3se_FL2775315,0.39780372339988296
2012m1_ref86_3se_FL2775316,0.39859850966597404
2012m1_ref86_3se_FL2775317,0.3993932959225219
2012m1_ref86_3se_FL2775318,0.40018808217906265
2012m1_ref86_3se_FL2775319,0.4009828684451533
2012m1_ref86_3se_FL2775320,0.40177765470369065
2012m1_ref86_3se_FL2775321,0.40257244096546213
2012m1_ref86_3se_FL2775322,0.4033672272178179
2012m1_ref86_3se_FL2775323,0.4041620134795894
2012m1_ref86_3se_FL2775324,0.404956799741361
2012m1_ref86_3se_FL2775325,0.40575158600313255
2012m1_ref86_3se_FL2775326,0.40654637225548823
2012m1_ref86_3se_FL2775327,0.40734115851726027
2012m1_ref86_3se_FL2775328,0.4081359447790318
2012m1_ref86_3se_FL2775329,0.40886241956424757
2012m1_ref86_3se_FL2775330,0.40958889435721535
2012m1_ref86_3se_FL2775331,0.41031536914062766
2012m1_ref86_3se_FL2775332,0.41104184392404547
2012m1_ref86_3se_FL2775333,0.41176831871026043
2012m1_ref86_3se_FL2775334,0.41249479350090357
2012m1_ref86_3se_FL2775335,0.41322126828199035
2012m1_ref86_3se_FL2775336,0.413947743072627
2012m1_ref86_3se_FL2775337,0.4146742178538543
2012m1_ref86_3se_FL2775338,0.41540069264449136
2012m1_ref86_3se_FL2775339,0.41612716743513456
2012m1_ref86_3se_FL2775340,0.4168536422163558
2012m1_ref86_3se_FL2775341,0.4175801170039509
2012m1_ref86_3se_FL2775342,0.4183643344560148
2012m1_ref86_3se_FL2775343,0.41914855190794414
2012m1_ref86_3se_FL2775344,0.41993276935988144
2012m1_ref86_3se_FL2775345,0.4207169868118108
2012m1_ref86_3se_FL2775346,0.42150120425432386
2012m1_ref86_3se_FL2775347,0.42228542169843425
2012m1_ref86_3se_FL2775348,0.42306963915424606
2012m1_ref86_3se_FL2775349,0.42385385660051367
2012m1_ref86_3se_FL2775350,0.424638074056325
2012m1_ref86_3se_FL2775351,0.4254222915025927
2012m1_ref86_3se_FL2775352,0.4262065089584044
2012m1_ref86_3se_FL2775353,0.4269907264048066
2012m1_ref86_3se_FL2775354,0.4277749438575153
2012m1_ref86_3se_FL2775355,0.4285591613115462
2012m1_ref86_3se_FL2775356,0.4293433787561613
2012m1_ref86_3se_FL2775357,0.4301275962101861
2012m1_ref86_3se_FL2775358,0.4309118136642166
2012m1_ref86_3se_FL2775359,0.43169603110882554
2012m1_ref86_3se_FL2775360,0.43248024856285655
2012m1_ref86_3se_FL2775361,0.43326446601688745
2012m1_ref86_3se_FL2775362,0.4340486834650456
2012m1_ref86_3se_FL2775363,0.43483290091261584
2012m1_ref86_3se_FL2775364,0.43561711836973677
2012m1_ref86_3se_FL2775365,0.43640133581731283
2012m1_ref86_3se_FL2775366,0.4371855532648835
2012m1_ref86_3se_FL2775367,0.43796977072154886
2012m1_ref86_3se_FL2775368,0.4387539881707384
2012m1_ref86_3se_FL2775369,0.4395833480816293
2012m1_ref86_3se_FL2775370,0.4404127079925202
2012m1_ref86_3se_FL2775371,0.4412420679035527
2012m1_ref86_3se_FL2775372,0.44207142780489334
2012m1_ref86_3se_FL2775373,0.44290078771591873
2012m1_ref86_3se_FL2775374,0.4437301476268172
2012m1_ref86_3se_FL2775375,0.444559507537708
2012m1_ref86_3se_FL2775376,0.44538886744860606
2012m1_ref86_3se_FL2775377,0.4462182273570296
2012m1_ref86_3se_FL2775392,0.44616855211296014
2012m1_ref86_3se_FL2775393,0.44699794073784826
2012m1_ref86_3se_FL2775394,0.44782732937228625
2012m1_ref86_3se_FL2775395,0.4486567179931895
2012m1_ref86_3se_FL2775396,0.4494861066160115
2012m1_ref86_3se_FL2775397,0.4503154952482493
2012m1_ref86_3se_FL2775398,0.45114488387093676
2012m1_ref86_3se_FL2775399,0.45197427250317457
2012m1_ref86_3se_FL2775400,0.45280366112586207
2012m1_ref86_3se_FL2775401,0.4536330497667367
2012m1_ref86_3se_FL2775402,0.45446243839249645
2012m1_ref86_3se_FL2775403,0.4552918270181222
2012m1_ref86_3se_FL2775404,0.45612121564388924
2012m1_ref86_3se_FL2775405,0.45695060427906475
2012m1_ref86_3se_FL2775406,0.457779992904825
2012m1_ref86_3se_FL2775407,0.4586093815304508
2012m1_ref86_3se_FL2775408,0.45952656386976315
2012m1_ref86_3se_FL2775409,0.4604437461867812
2012m1_ref86_3se_FL2775410,0.46136092852597543
2012m1_ref86_3se_FL2775411,0.4622781108557538
2012m1_ref86_3se_FL2775412,0.4631952931874601
2012m1_ref86_3se_FL2775413,0.4641124755224127
2012m1_ref86_3se_FL2775414,0.4650296578573653
2012m1_ref86_3se_FL2775415,0.4659468401923178
2012m1_ref86_3se_FL2775416,0.46686402252727094
2012m1_ref86_3se_FL2775417,0.46778120486222347
2012m1_ref86_3se_FL2775418,0.46869838719717605
2012m1_ref86_3se_FL2775419,0.4696155695321286
2012m1_ref86_3se_FL2775420,0.47053275186721566
2012m1_ref86_3se_FL2775421,0.47144993420216824
2012m1_ref86_3se_FL2775422,0.47236711653711383
2012m1_ref86_3se_FL2775423,0.4732842988720664
2012m1_ref86_3se_FL2775424,0.47416678001652396
2012m1_ref86_3se_FL2775425,0.4750492610921896
2012m1_ref86_3se_FL2775426,0.47593174217740425
2012m1_ref86_3se_FL2775427,0.4768142232624859
2012m1_ref86_3se_FL2775428,0.4776967043477022
2012m1_ref86_3se_FL2775429,0.47857918543278394
2012m1_ref86_3se_FL2775430,0.4794616665178639
2012m1_ref86_3se_FL2775431,0.4803441476030801
2012m1_ref86_3se_FL2775432,0.4812266286881619
2012m1_ref86_3se_FL2775433,0.48210910976382765
2012m1_ref86_3se_FL2775434,0.48299159084904225
2012m1_ref86_3se_FL2775435,0.48387407193412396
2012m1_ref86_3se_FL2775436,0.4847565530193401
2012m1_ref86_3se_FL2775437,0.485639034104422
2012m1_ref86_3se_FL2775438,0.48652151518963643
2012m1_ref86_3se_FL2775439,0.48740399627471825
2012m1_ref86_3se_FL2775440,0.48828647735993447
2012m1_ref86_3se_FL2775441,0.4891689584403618
2012m1_ref86_3se_FL2775442,0.49005143952355573
2012m1_ref86_3se_FL2775443,0.49093392060661334
2012m1_ref86_3se_FL2775444,0.49181640168980534
2012m1_ref86_3se_FL2775445,0.4926988827728648
2012m1_ref86_3se_FL2775446,0.4935813638559224
2012m1_ref86_3se_FL2775447,0.4944638449485304
2012m1_ref86_3se_FL2775448,0.49534632603172235
2012m1_ref86_3se_FL2775449,0.4962288071147819
2012m1_ref86_3se_FL2775450,0.49711128819783945
2012m1_ref86_3se_FL2775451,0.49799376927327593
2012m1_ref86_3se_FL2775452,0.49887625035419236
2012m1_ref86_3se_FL2775453,0.4997869721989236
2012m1_ref86_3se_FL2775454,0.500697694049769
2012m1_ref86_3se_FL2775455,0.5016084159004823
2012m1_ref86_3se_FL2775456,0.5025191377513278
2012m1_ref86_3se_FL2775457,0.5034298596020389
2012m1_ref86_3se_FL2775458,0.5043405814528866
2012m1_ref86_3se_FL2775459,0.505251303313148
2012m1_ref86_3se_FL2775460,0.5061620251638593
2012m1_ref86_3se_FL2775461,0.5070727470147068
2012m1_ref86_3se_FL2775462,0.5079834688643469
2012m1_ref86_3se_FL2775463,0.5088941907124943
2012m1_ref86_3se_FL2775464,0.5098049125700578
2012m1_ref86_3se_FL2775465,0.5107156344182069
2012m1_ref86_3se_FL2775466,0.5116263562663542
2012m1_ref86_3se_FL2775467,0.5125370781239177
2012m1_ref86_3se_FL2775468,0.5134477999720651
2012m1_ref86_3se_FL2775469,0.5143585218297647
2012m1_ref86_3se_FL2775470,0.5152692436779122
2012m1_ref86_3se_FL2775471,0.5161799655259252
2012m1_ref86_3se_FL2775472,0.5170906873836232
2012m1_ref86_3se_FL2775473,0.5180014092317721
2012m1_ref86_3se_FL2775474,0.5189121310893355
2012m1_ref86_3se_FL2775475,0.519822852937483
2012m1_ref86_3se_FL2775476,0.520733574785632
2012m1_ref86_3se_FL2775477,0.5216442966431954
2012m1_ref86_3se_FL2775478,0.522555018491343
2012m1_ref86_3se_FL2775479,0.5234657403489065
2012m1_ref86_3se_FL2775480,0.5243764621970554
2012m1_ref86_3se_FL2775481,0.5252871840540028
2012m1_ref86_3se_FL2775482,0.5261979058993544
2012m1_ref86_3se_FL2775483,0.5271086277541234
2012m1_ref86_3se_FL2775484,0.5280780148299226
2012m1_ref86_3se_FL2775485,0.5290474018961713
2012m1_ref86_3se_FL2775486,0.5300167889718359
2012m1_ref86_3se_FL2775487,0.5309861760380846
2012m1_ref86_3se_FL2775488,0.5319555631141397
2012m1_ref86_3se_FL2775489,0.5329249501866574
2012m1_ref86_3se_FL2775490,0.5338943372593118
2012m1_ref86_3se_FL2775491,0.5348637243224136
2012m1_ref86_3se_FL2775492,0.5358331114013369
2012m1_ref86_3se_FL2775493,0.5368024984659078
2012m1_ref86_3se_FL2775494,0.5377718855400307
2012m1_ref86_3se_FL2775495,0.5387412726140175
2012m1_ref86_3se_FL2775496,0.5397106596881388
2012m1_ref86_3se_FL2775497,0.5406800467527093
2012m1_ref86_3se_FL2775498,0.5416494338268306
2012m1_ref86_3se_FL2775499,0.5426188209008193
2012m1_ref86_3se_FL2775500,0.5435882079749406
2012m1_ref86_3se_FL2775501,0.5445575950395111
2012m1_ref86_3se_FL2775502,0.5455269821153279
2012m1_ref86_3se_FL2775503,0.5464963691798103
2012m1_ref86_3se_FL2775504,0.5474657562499401
2012m1_ref86_3se_FL2775505,0.5484351433197862
2012m1_ref86_3se_FL2775506,0.5493190488079897
2012m1_ref86_3se_FL2775507,0.550202954296057
2012m1_ref86_3se_FL2775508,0.5510868597842586
2012m1_ref86_3se_FL2775509,0.5519707652629098
2012m1_ref86_3se_FL2775510,0.5528546707509789
2012m1_ref86_3se_FL2775511,0.5537385762391808
2012m1_ref86_3se_FL2775512,0.5546224817272479
2012m1_ref86_3se_FL2775513,0.5555063872154496
2012m1_ref86_3se_FL2775514,0.5563902927036515
2012m1_ref86_3se_FL2775515,0.5572741981889299
2012m1_ref86_3se_FL2775516,0.5581581036779605
2012m1_ref86_3se_FL2775517,0.559042009157575
2012m1_ref86_3se_FL2775518,0.55992591464674
2012m1_ref86_3se_FL2775519,0.5608098201357686
2012m1_ref86_3se_FL2775520,0.5616937256249338
2012m1_ref86_3se_FL2775521,0.5625776311139643
2012m1_ref86_3se_FL2775522,0.5634615365935789
2012m1_ref86_3se_FL2775523,0.564345442082744
2012m1_ref86_3se_FL2775524,0.5652293475717726
2012m1_ref86_3se_FL2775525,0.5661132530609376
2012m1_ref86_3se_FL2775526,0.5669971585405522
2012m1_ref86_3se_FL2775527,0.5678810640295827
2012m1_ref86_3se_FL2775528,0.5687649695187459
2012m1_ref86_3se_FL2775529,0.5696488750077765
2012m1_ref86_3se_FL2775530,0.5705327804875255
2012m1_ref86_3se_FL2775531,0.5714166859841279
2012m1_ref86_3se_FL2775532,0.5723005914663097
2012m1_ref86_3se_FL2775533,0.5730273453507625
2012m1_ref86_3se_FL2775534,0.5737540992256662
2012m1_ref86_3se_FL2775535,0.5744808531099844
2012m1_ref86_3se_FL2775536,0.5752076069848865
2012m1_ref86_3se_FL2775537,0.5759343608693392
2012m1_ref86_3se_FL2775538,0.5766611147461258
2012m1_ref86_3se_FL2775539,0.577387868632701
2012m1_ref86_3se_FL2775540,0.5781146225098601
2012m1_ref86_3se_FL2775541,0.5788413763963021
2012m1_ref86_3se_FL2775542,0.5795681302734613
2012m1_ref86_3se_FL2775543,0.580294884150486
2012m1_ref86_3se_FL2775544,0.5810216380370611
2012m1_ref86_3se_FL2775545,0.5817483919140859
2012m1_ref86_3se_FL2775546,0.5824751457912463
2012m1_ref86_3se_FL2775547,0.5832018996778215
2012m1_ref86_3se_FL2775548,0.5839286535516393
2012m1_ref86_3se_FL2775549,0.5846783295742164
2012m1_ref86_3se_FL2775550,0.585428005606075
2012m1_ref86_3se_FL2775551,0.5861776816285177
2012m1_ref86_3se_FL2775552,0.5869273576517889
2012m1_ref86_3se_FL2775553,0.5876770336756567
2012m1_ref86_3se_FL2775554,0.5884267096995275
2012m1_ref86_3se_FL2775555,0.5891763857233951
2012m1_ref86_3se_FL2775556,0.5899260617472659
2012m1_ref86_3se_FL2775557,0.590675737770999
2012m1_ref86_3se_FL2775558,0.5914254138044203
2012m1_ref86_3se_FL2775559,0.5921750898281536
2012m1_ref86_3se_FL2775560,0.5929247658552773
2012m1_ref86_3se_FL2775561,0.5936744418811116
2012m1_ref86_3se_FL2775562,0.5944241179068116
2012m1_ref86_3se_FL2775563,0.5951737939326478
2012m1_ref86_3se_FL2775564,0.5959234699584821
2012m1_ref86_3se_FL2775565,0.5966731459841821
2012m1_ref86_3se_FL2775566,0.5973953395419248
2012m1_ref86_3se_FL2775567,0.5981175331003634
2012m1_ref86_3se_FL2775568,0.5988397266588624
2012m1_ref86_3se_FL2775569,0.5995619202079455
2012m1_ref86_3se_FL2775570,0.6002841137664446
2012m1_ref86_3se_FL2775571,0.6010063073249436
2012m1_ref86_3se_FL2775572,0.6017285008834428
2012m1_ref86_3se_FL2775573,0.6024506944420761
2012m1_ref86_3se_FL2775574,0.6031728879910246
2012m1_ref86_3se_FL2775575,0.6038950815495238
2012m1_ref86_3se_FL2775576,0.6046172751047219
2012m1_ref86_3se_FL2775577,0.6053394686641022
2012m1_ref86_3se_FL2775578,0.6060616622234838
2012m1_ref86_3se_FL2775579,0.6067838557733136
2012m1_ref86_3se_FL2775580,0.6075060493326953
2012m1_ref86_3se_FL2775581,0.6082282428922101
2012m1_ref86_3se_FL2775582,0.60895043644204
2012m1_ref86_3se_FL2775583,0.6096726300014205
2012m1_ref86_3se_FL2775584,0.6106374187223038
2012m1_ref86_3se_FL2775585,0.6116022074337709
2012m1_ref86_3se_FL2775586,0.6125669961498458
2012m1_ref86_3se_FL2775587,0.6135317848729485
2012m1_ref86_3se_FL2775588,0.6144965735866366
2012m1_ref86_3se_FL2775589,0.6154613623003232
2012m1_ref86_3se_FL2775590,0.6164261510234259
2012m1_ref86_3se_FL2775591,0.6173909397369794
2012m1_ref86_3se_FL2775592,0.6183557284602158
2012m1_ref86_3se_FL2775593,0.6193205171715138
2012m1_ref86_3se_FL2775594,0.620285305892364
2012m1_ref86_3se_FL2775595,0.6216127830569206
2012m1_ref86_3se_FL2775596,0.6229402602214791
2012m1_ref86_3se_FL2775597,0.6242677373764851
2012m1_ref86_3se_FL2775598,0.6255952145409072
2012m1_ref86_3se_FL2775599,0.6269226917054656
2012m1_ref86_3se_FL2775600,0.6282501688698877
2012m1_ref86_3se_FL2775601,0.629577646030546
2012m1_ref86_3se_FL2775602,0.6303850064258338
2012m1_ref86_3se_FL2775603,0.6311923668211199
2012m1_ref86_3se_FL2775604,0.631999727216406
2012m1_ref86_3se_FL2775605,0.6328070876118284
2012m1_ref86_3se_FL2775606,0.6336144480165304
2012m1_ref86_3se_FL2775607,0.6344218084118167
2012m1_ref86_3se_FL2775608,0.6352291688071044
2012m1_ref86_3se_FL2775609,0.6360365292025251
2012m1_ref86_3se_FL2775610,0.6368438895978112
2012m1_ref86_3se_FL2775611,0.6376512499930973
2012m1_ref86_3se_FL2775612,0.6385712268515434
2012m1_ref86_3se_FL2775613,0.6394912036979501
2012m1_ref86_3se_FL2775614,0.6404111805551038
2012m1_ref86_3se_FL2775615,0.6413311574123868
2012m1_ref86_3se_FL2775616,0.6422511342602591
2012m1_ref86_3se_FL2775617,0.6431711111174133
2012m1_ref86_3se_FL2775618,0.6440910879747015
2012m1_ref86_3se_FL2775619,0.6450110648319843
2012m1_ref86_3se_FL2775620,0.6459310416892726
2012m1_ref86_3se_FL2775621,0.6468510185370108
2012m1_ref86_3se_FL2775622,0.647770995394299
2012m1_ref86_3se_FL2775623,0.648690972251582
2012m1_ref86_3se_FL2775624,0.6496109491088703
2012m1_ref86_3se_FL2775625,0.6505309259661589
2012m1_ref86_3se_FL2775626,0.651450902823447
2012m1_ref86_3se_FL2775627,0.6523708796711797
2012m1_ref86_3se_FL2775628,0.6532908565289149
2012m1_ref86_3se_FL2775629,0.654072867000597
2012m1_ref86_3se_FL2775630,0.6548548774722727
2012m1_ref86_3se_FL2775631,0.6556368879438202
2012m1_ref86_3se_FL2775632,0.6564188984154963
2012m1_ref86_3se_FL2775633,0.6572009088871783
2012m1_ref86_3se_FL2775634,0.6582543746082251
2012m1_ref86_3se_FL2775635,0.6593078403291318
2012m1_ref86_3se_FL2775636,0.6603613060595944
2012m1_ref86_3se_FL2775637,0.6614147717806416
2012m1_ref86_3se_FL2775638,0.6622048530248251
2012m1_ref86_3se_FL2775639,0.6629949342691374
2012m1_ref86_3se_FL2775640,0.6637850155039052
2012m1_ref86_3se_FL2775641,0.6645750967480889
2012m1_ref86_3se_FL2775642,0.6653651779922725
2012m1_ref86_3se_FL2775643,0.666126877690941
2012m1_ref86_3se_FL2775644,0.6668885773762814
2012m1_ref86_3se_FL2775645,0.6676502770793914
2012m1_ref86_3se_FL2775646,0.668411976773092
2012m1_ref86_3se_FL2775647,0.6691736764667923
2012m1_ref86_3se_FL2775648,0.6699353761603519
2012m1_ref86_3se_FL2775649,0.6706970758540463
2012m1_ref86_3se_FL2775650,0.6714587755477468
2012m1_ref86_3se_FL2775651,0.672220475241441
2012m1_ref86_3se_FL2775652,0.6729821749351411
2012m1_ref86_3se_FL2775661,0.6629870959575223
2012m1_ref86_3se_FL2775662,0.663799518775642
2012m1_ref86_3se_FL2775663,0.6646119415937682
2012m1_ref86_3se_FL2775664,0.6654243644118885
2012m1_ref86_3se_FL2775665,0.6662367872205988
2012m1_ref86_3se_FL2775666,0.6670492100438717
2012m1_ref86_3se_FL2775667,0.667861632859839
2012m1_ref86_3se_FL2775668,0.6686740556759413
2012m1_ref86_3se_FL2775669,0.6694138568409597
2012m1_ref86_3se_FL2775670,0.6701536580153876
2012m1_ref86_3se_FL2775671,0.6708934591804001
2012m1_ref86_3se_FL2775672,0.6716332603454186
2012m1_ref86_3se_FL2775673,0.6723730615198468
2012m1_ref86_3se_FL2775674,0.6731128626848653
2012m1_ref86_3se_FL2775675,0.6738526638498773
2012m1_ref86_3se_FL2775676,0.674592465024446
2012m1_ref86_3se_FL2775677,0.6753322661894585
2012m1_ref86_3se_FL2775678,0.676072067354471
2012m1_ref86_3se_FL2775679,0.6768118685194894
2012m1_ref86_3se_FL2775680,0.6775516696939173
2012m1_ref86_3se_FL2775681,0.6782914708589356
2012m1_ref86_3se_FL2775682,0.6790312720239481
2012m1_ref86_3se_FL2775683,0.6797710731985169
2012m1_ref86_3se_FL2775684,0.680510874365149
2012m1_ref86_3se_FL2775685,0.6812506755313174
2012m1_ref86_3se_FL2775686,0.6819904766976267
2012m1_ref86_3se_FL2775687,0.6827302778637951
2012m1_ref86_3se_FL2775688,0.6834700790395138
2012m1_ref86_3se_FL2775689,0.6842098802056826
2012m1_ref86_3se_FL2775690,0.6849496813719855
2012m1_ref86_3se_FL2775691,0.6856894825381539
2012m1_ref86_3se_FL2775692,0.6864292837044568
2012m1_ref86_3se_FL2775693,0.6871690848706256
2012m1_ref86_3se_FL2775694,0.6879088860462598
2012m1_ref86_3se_FL2775695,0.688648687214035
2012m1_ref86_3se_FL2775696,0.6893884883818102
2012m1_ref86_3se_FL2775697,0.6901282895495856
2012m1_ref86_3se_FL2775698,0.6908680907168843
2012m1_ref86_3se_FL2775699,0.6916078918802946
2012m1_ref86_3se_FL2775700,0.6923476930532498
2012m1_ref86_3se_FL2775701,0.6930874942167888
2012m1_ref86_3se_FL2775702,0.6938272953897497
2012m1_ref86_3se_FL2775703,0.6945670965532889
2012m1_ref86_3se_FL2775704,0.6953068977262494
2012m1_ref86_3se_FL2775705,0.6960466988896543
2012m1_ref86_3se_FL2775706,0.6967575719970792
2012m1_ref86_3se_FL2775707,0.6974684451036812
2012m1_ref86_3se_FL2775708,0.6981793182101487
2012m1_ref86_3se_FL2775709,0.6988901913167445
2012m1_ref86_3se_FL2775710,0.6996010644232118
2012m1_ref86_3se_FL2775711,0.7003119375296792
2012m1_ref86_3se_FL2775712,0.7010228106390054
2012m1_ref86_3se_FL2775713,0.7017336837474298
2012m1_ref86_3se_FL2775714,0.7024445568463038
2012m1_ref86_3se_FL2775715,0.7031554299547329
2012m1_ref86_3se_FL2775716,0.7038663030631572
2012m1_ref86_3se_FL2775717,0.7045795167341163
2012m1_ref86_3se_FL2775718,0.7052927304081245
2012m1_ref86_3se_FL2775719,0.7060059440821264
2012m1_ref86_3se_FL2775720,0.7067191577561345
2012m1_ref86_3se_FL2775721,0.7074323714301365
2012m1_ref86_3se_FL2775722,0.7081455851136949
2012m1_ref86_3se_FL2775723,0.7088587987876969
2012m1_ref86_3se_FL2775724,0.7095720124617051
2012m1_ref86_3se_FL2775725,0.710285226135707
2012m1_ref86_3se_FL2775726,0.7109984398074022
2012m1_ref86_3se_FL2775727,0.7117116534888421
2012m1_ref86_3se_FL2775728,0.71242486716086
2012m1_ref86_3se_FL2775729,0.7131380808327493
2012m1_ref86_3se_FL2775730,0.7138512945141828
2012m1_ref86_3se_FL2775731,0.7145645081860721
2012m1_ref86_3se_FL2775732,0.7152777218580904
2012m1_ref86_3se_FL2775733,0.7159909355299797
2012m1_ref86_3se_FL2775734,0.7167041492114132
2012m1_ref86_3se_FL2775735,0.717417362883437
2012m1_ref86_3se_FL2775736,0.7181305765553263
2012m1_ref86_3se_FL2775737,0.7188437902367604
2012m1_ref86_3se_FL2775738,0.7195570039086496
2012m1_ref86_3se_FL2775739,0.7204093375118121
2012m1_ref86_3se_FL2775740,0.7212616711258408
2012m1_ref86_3se_FL2775741,0.7221140047249449
2012m1_ref86_3se_FL2775742,0.7229663383334649
2012m1_ref86_3se_FL2775743,0.7238186719419852
2012m1_ref86_3se_FL2775744,0.7246710055505051
2012m1_ref86_3se_FL2775745,0.7255233391494749
2012m1_ref86_3se_FL2775746,0.7263756727579948
2012m1_ref86_3se_FL2775747,0.7272280063665147
2012m1_ref86_3se_FL2775748,0.7280803399750346
2012m1_ref86_3se_FL2775749,0.7289326735741327
2012m1_ref86_3se_FL2775750,0.7297850071826527
2012m1_ref86_3se_FL2775751,0.7306373407911727
2012m1_ref86_3se_FL2775752,0.7314896743996926
2012m1_ref86_3se_FL2775753,0.7323420080082126
2012m1_ref86_3se_FL2775754,0.7331943416073172
2012m1_ref86_3se_FL2775755,0.7340466752158371
2012m1_ref86_3se_FL2775756,0.734899008824357
2012m1_ref86_3se_FL2775757,0.735751342432877
2012m1_ref86_3se_FL2775758,0.7366036760319812
2012m1_ref86_3se_FL2775759,0.7374560096405012
2012m1_ref86_3se_FL2775760,0.7383083432490212
2012m1_ref86_3se_FL2775761,0.7391606768575409
2012m1_ref86_3se_FL2775762,0.7400130104565106
2012m1_ref86_3se_FL2775763,0.7408653440650245
2012m1_ref86_3se_FL2775764,0.7417176776720442
2012m1_ref86_3se_FL2775765,0.742570011280175
2012m1_ref86_3se_FL2775766,0.7434223448883113
2012m1_ref86_3se_FL2775767,0.7445341472242462
2012m1_ref86_3se_FL2775768,0.7456459495600407
2012m1_ref86_3se_FL2775769,0.7467577518959757
2012m1_ref86_3se_FL2775770,0.747869554231776
2012m1_ref86_3se_FL2775771,0.7489813565677107
2012m1_ref86_3se_FL2775772,0.7500931589130614
2012m1_ref86_3se_FL2775773,0.7512049612488559
2012m1_ref86_3se_FL2775774,0.7523167635907525
2012m1_ref86_3se_FL2775775,0.7534285659589421
2012m1_ref86_3se_FL2775776,0.7545403682973127
2012m1_ref86_3se_FL2775777,0.7556521706050568
2012m1_ref86_3se_FL2775778,0.756763972976589
2012m1_ref86_3se_FL2775779,0.7578757753145281
2012m1_ref86_3se_FL2775780,0.758987577636198
2012m1_ref86_3se_FL2775781,0.7600993799711178
2012m1_ref86_3se_FL2775782,0.7612111823059028
2012m1_ref86_3se_FL2775783,0.7623229846415529
2012m1_ref86_3se_FL2775784,0.7634347869780765
2012m1_ref86_3se_FL2775785,0.7645465893144715
2012m1_ref86_3se_FL2775786,0.7655466666641607
2012m1_ref86_3se_FL2775787,0.76654674401385
2012m1_ref86_3se_FL2775788,0.7675468213729608
2012m1_ref86_3se_FL2775789,0.7685468987226503
2012m1_ref86_3se_FL2775790,0.7695469760723456
2012m1_ref86_3se_FL2775791,0.7705470534219004
2012m1_ref86_3se_FL2775792,0.7715471307715893
2012m1_ref86_3se_FL2775793,0.7725472081307005
2012m1_ref86_3se_FL2775794,0.7735472854803898
2012m1_ref86_3se_FL2775795,0.7745473628300787
2012m1_ref86_3se_FL2775796,0.7755474401797741
2012m1_ref86_3se_FL2775797,0.776547517529329
2012m1_ref86_3se_FL2775798,0.7775475948885743
2012m1_ref86_3se_FL2775799,0.778547672238129
2012m1_ref86_3se_FL2775800,0.7795477495878184
2012m1_ref86_3se_FL2775801,0.7805478269375138
2012m1_ref86_3se_FL2775802,0.7815479042872027
2012m1_ref86_3se_FL2775803,0.7825479816463078
2012m1_ref86_3se_FL2775804,0.7835480589891923
2012m1_ref86_3se_FL2775805,0.7845481363450902
2012m1_ref86_3se_FL2775806,0.785548213691572
2012m1_ref86_3se_FL2775807,0.786548291047604
2012m1_ref86_3se_FL2775808,0.7875483683992112
2012m1_ref86_3se_FL2775809,0.7884934379744679
2012m1_ref86_3se_FL2775810,0.7894385075497308
2012m1_ref86_3se_FL2775811,0.790383577124988
2012m1_ref86_3se_FL2775812,0.7913286467002447
2012m1_ref86_3se_FL2775813,0.792273716275636
2012m1_ref86_3se_FL2775814,0.7932187858508932
2012m1_ref86_3se_FL2775815,0.7941638554261501
2012m1_ref86_3se_FL2775816,0.795108924991997
2012m1_ref86_3se_FL2775817,0.7960539945672542
2012m1_ref86_3se_FL2775818,0.7969990641425111
2012m1_ref86_3se_FL2775819,0.7979441337179024
2012m1_ref86_3se_FL2775820,0.7988892032931596
2012m1_ref86_3se_FL2775821,0.7998342728684162
2012m1_ref86_3se_FL2775822,0.800779342443673
2012m1_ref86_3se_FL2775823,0.8017244120189363
2012m1_ref86_3se_FL2775824,0.8026694815943276
2012m1_ref86_3se_FL2775825,0.8036145511508749
2012m1_ref86_3se_FL2775826,0.8045596207281119
2012m1_ref86_3se_FL2775827,0.805529496809358
2012m1_ref86_3se_FL2775828,0.8064993728810512
2012m1_ref86_3se_FL2775829,0.8074692489622974
2012m1_ref86_3se_FL2775830,0.8084391250341273
2012m1_ref86_3se_FL2775831,0.8094090011153711
2012m1_ref86_3se_FL2775832,0.8103788771872011
2012m1_ref86_3se_FL2775833,0.811348753268445
2012m1_ref86_3se_FL2775834,0.8123186293401405
2012m1_ref86_3se_FL2775835,0.8132885054213865
2012m1_ref86_3se_FL2775836,0.8142583815026302
2012m1_ref86_3se_FL2775837,0.8152282575744604
2012m1_ref86_3se_FL2775838,0.8161981336557064
2012m1_ref86_3se_FL2775839,0.8171680097275342
2012m1_ref86_3se_FL2775840,0.8181378858087802
2012m1_ref86_3se_FL2775841,0.8191077618804736
2012m1_ref86_3se_FL2775842,0.8200776379617195
2012m1_ref86_3se_FL2775843,0.8210475140335495
2012m1_ref86_3se_FL2775844,0.8220173901147935
2012m1_ref86_3se_FL2775845,0.8229872661866234
2012m1_ref86_3se_FL2775846,0.8239571422678672
2012m1_ref86_3se_FL2775847,0.8247725796940398
2012m1_ref86_3se_FL2775848,0.8255880171231067
2012m1_ref86_3se_FL2775849,0.8264034545615895
2012m1_ref86_3se_FL2775850,0.8272188919906579
2012m1_ref86_3se_FL2775851,0.8280343294197247
2012m1_ref86_3se_FL2775852,0.8288497668487915
2012m1_ref86_3se_FL2775853,0.82966520427786
2012m1_ref86_3se_FL2775854,0.8304806417067923
2012m1_ref86_3se_FL2775855,0.831296079135859
2012m1_ref86_3se_FL2775856,0.8321115165649255
2012m1_ref86_3se_FL2775857,0.8329269539939943
2012m1_ref86_3se_FL2775858,0.8337423914230611
2012m1_ref86_3se_FL2775859,0.8345578288519931
2012m1_ref86_3se_FL2775860,0.8353732662810599
2012m1_ref86_3se_FL2775861,0.8361887037101287
2012m1_ref86_3se_FL2775862,0.8370041411391952
2012m1_ref86_3se_FL2775863,0.8378195785708898
2012m1_ref86_3se_FL2775864,0.838845278443096
2012m1_ref86_3se_FL2775865,0.8398709783247178
2012m1_ref86_3se_FL2775866,0.8408966781969238
2012m1_ref86_3se_FL2775867,0.8419223780691301
2012m1_ref86_3se_FL2775868,0.8429480779413391
2012m1_ref86_3se_FL2775869,0.8439737778229611
2012m1_ref86_3se_FL2775870,0.8449994776950328
2012m1_ref86_3se_FL2775871,0.8460251775672387
2012m1_ref86_3se_FL2775872,0.8470508774488607
2012m1_ref86_3se_FL2775873,0.8480765773210669
2012m1_ref86_3se_FL2775874,0.8488043858173346
2012m1_ref86_3se_FL2775875,0.8495321943041866
2012m1_ref86_3se_FL2775876,0.8502600027982699
2012m1_ref86_3se_FL2775877,0.8509878112874788
2012m1_ref86_3se_FL2775878,0.8517156197859709
2012m1_ref86_3se_FL2775879,0.8524434282751814
2012m1_ref86_3se_FL2775880,0.8532220072233725
2012m1_ref86_3se_FL2775881,0.8540005861811142
2012m1_ref86_3se_FL2775882,0.8547791651293053
2012m1_ref86_3se_FL2775883,0.855557744087047
2012m1_ref86_3se_FL2775884,0.8563363230352381
2012m1_ref86_3se_FL2775885,0.8571149019929812
2012m1_ref86_3se_FL2775886,0.8578934809411725
2012m1_ref86_3se_FL2775887,0.858672059898914
2012m1_ref86_3se_FL2775888,0.8594506388471052
2012m1_ref86_3se_FL2775889,0.860370304746639
2012m1_ref86_3se_FL2775890,0.8612899706364339
2012m1_ref86_3se_FL2775891,0.8622096365316564
2012m1_ref86_3se_FL2775892,0.8631293024267419
2012m1_ref86_3se_FL2775893,0.8640489683219644
2012m1_ref86_3se_FL2775894,0.8649686342170498
2012m1_ref86_3se_FL2775895,0.8658883001122724
2012m1_ref86_3se_FL2775896,0.8668079660073579
2012m1_ref86_3se_FL2775897,0.8677276319025806
2012m1_ref86_3se_FL2775903,0.8612053940567239
2012m1_ref86_3se_FL2775904,0.8614040412439313
2012m1_ref86_3se_FL2775905,0.8621270260700898
2012m1_ref86_3se_FL2775906,0.8628500108963828
2012m1_ref86_3se_FL2775907,0.8635729957226786
2012m1_ref86_3se_FL2775908,0.8642959805489717
2012m1_ref86_3se_FL2775909,0.8650189653751301
2012m1_ref86_3se_FL2775910,0.8657419502014231
2012m1_ref86_3se_FL2775911,0.8664649350371321
2012m1_ref86_3se_FL2775912,0.867187919863425
2012m1_ref86_3se_FL2775913,0.8679109046897208
2012m1_ref86_3se_FL2775914,0.8686338895160138
2012m1_ref86_3se_FL2775915,0.8693568743421722
2012m1_ref86_3se_FL2775916,0.8700798591684653
2012m1_ref86_3se_FL2775917,0.8708028440025747
2012m1_ref86_3se_FL2775918,0.8715258288262474
2012m1_ref86_3se_FL2775919,0.8724398774826211
2012m1_ref86_3se_FL2775920,0.8733539261389971
2012m1_ref86_3se_FL2775921,0.8742679747859571
2012m1_ref86_3se_FL2775922,0.8751820234423309
2012m1_ref86_3se_FL2775923,0.8760960720987068
2012m1_ref86_3se_FL2775924,0.8770101207552152
2012m1_ref86_3se_FL2775925,0.8779241694020407
2012m1_ref86_3se_FL2775926,0.8788382180585489
2012m1_ref86_3se_FL2775927,0.8797522667149248
2012m1_ref86_3se_FL2775928,0.8806663153712986
2012m1_ref86_3se_FL2775929,0.8815803640182585
2012m1_ref86_3se_FL2775930,0.8824944126746345
2012m1_ref86_3se_FL2775931,0.8834084613311427
2012m1_ref86_3se_FL2775932,0.8843225099875188
2012m1_ref86_3se_FL2775933,0.8852365586344767
2012m1_ref86_3se_FL2775934,0.88615060729045
2012m1_ref86_3se_FL2775935,0.8870646559479557
2012m1_ref86_3se_FL2775936,0.8880632373955963
2012m1_ref86_3se_FL2775937,0.8890618188431026
2012m1_ref86_3se_FL2775938,0.890060400281193
2012m1_ref86_3se_FL2775939,0.8910589817288362
2012m1_ref86_3se_FL2775940,0.8920575631763427
2012m1_ref86_3se_FL2775941,0.8930561446238487
2012m1_ref86_3se_FL2775942,0.8940547260620736
2012m1_ref86_3se_FL2775943,0.8950533075095799
2012m1_ref86_3se_FL2775944,0.8960518889570886
2012m1_ref86_3se_FL2775945,0.8970734825795051
2012m1_ref86_3se_FL2775946,0.8980950762020506
2012m1_ref86_3se_FL2775947,0.8991166698245958
2012m1_ref86_3se_FL2775948,0.900138263447141
2012m1_ref86_3se_FL2775949,0.9011598570696899
2012m1_ref86_3se_FL2775950,0.9021814506921005
2012m1_ref86_3se_FL2775951,0.903203044314646
2012m1_ref86_3se_FL2775952,0.9042246379371913
2012m1_ref86_3se_FL2775953,0.9052462315597367
2012m1_ref86_3se_FL2775954,0.9062678251822819
2012m1_ref86_3se_FL2775955,0.9075626419821649
2012m1_ref86_3se_FL2775956,0.9088574587847396
2012m1_ref86_3se_FL2775957,0.9096643780962643
2012m1_ref86_3se_FL2775958,0.9104712973982385
2012m1_ref86_3se_FL2775959,0.9112782167097632
2012m1_ref86_3se_FL2775960,0.912085136021288
2012m1_ref86_3se_FL2775961,0.9128920553232621
2012m1_ref86_3se_FL2775962,0.9136989746347869
2012m1_ref86_3se_FL2775963,0.9145058939461769
2012m1_ref86_3se_FL2775964,0.9153128132577051
2012m1_ref86_3se_FL2775965,0.9161197325596793
2012m1_ref86_3se_FL2775966,0.916926651871204
2012m1_ref86_3se_FL2775967,0.917733571179228
2012m1_ref86_3se_FL2775968,0.9188902157136206
2012m1_ref86_3se_FL2775969,0.9200468602478752
2012m1_ref86_3se_FL2775970,0.9212035047916799
2012m1_ref86_3se_FL2775971,0.9223601493259346
2012m1_ref86_3se_FL2775972,0.9235167938601891
2012m1_ref86_3se_FL2775973,0.9246734383945783
2012m1_ref86_3se_FL2775974,0.9258300829288328
2012m1_ref86_3se_FL2775975,0.926986727472638
2012m1_ref86_3se_FL2775976,0.9281433720055661
2012m1_ref86_3se_FL2775977,0.9292030610184236
2012m1_ref86_3se_FL2775978,0.9302627500311468
2012m1_ref86_3se_FL2775979,0.9313224390438724
2012m1_ref86_3se_FL2775980,0.9323821280567299
2012m1_ref86_3se_FL2775981,0.9334418170694531
2012m1_ref86_3se_FL2775982,0.9345015060823133
2012m1_ref86_3se_FL2775983,0.9355611950856204
2012m1_ref86_3se_FL2775984,0.9366208840983434
2012m1_ref86_3se_FL2775985,0.9376805731112036
2012m1_ref86_3se_FL2775986,0.9387402621299253
2012m1_ref86_3se_FL2775987,0.9397999511434346
2012m1_ref86_3se_FL2775988,0.940859640147528
2012m1_ref86_3se_FL2775989,0.9419193291610374
2012m1_ref86_3se_FL2775990,0.9429790181745467
2012m1_ref86_3se_FL2775991,0.9440387071880557
2012m1_ref86_3se_FL2775992,0.945098396201565
2012m1_ref86_3se_FL2775993,0.9461580852150743
2012m1_ref86_3se_FL2775994,0.9472177742285836
2012m1_ref86_3se_FL2775995,0.9482774632326767
2012m1_ref86_3se_FL2775996,0.9493371522437472
2012m1_ref86_3se_FL2775997,0.9503968412555964
2012m1_ref86_3se_FL2775998,0.9514565302674458
2012m1_ref86_3se_FL2775999,0.9525162192792954
2012m1_ref86_3se_FL2776000,0.9537058559045493
2012m1_ref86_3se_FL2776001,0.9548954925296685
2012m1_ref86_3se_FL2776002,0.956085129154788
2012m1_ref86_3se_FL2776003,0.9572747657800421
2012m1_ref86_3se_FL2776004,0.9584644024084282
2012m1_ref86_3se_FL2776005,0.9596540390336641
2012m1_ref86_3se_FL2776006,0.9608436756590342
2012m1_ref86_3se_FL2776007,0.962307795563865
2012m1_ref86_3se_FL2776008,0.9637719154592763
2012m1_ref86_3se_FL2776009,0.9652360353641073
2012m1_ref86_3se_FL2776010,0.9667001552593842
2012m1_ref86_3se_FL2776011,0.9681642751642151
2012m1_ref86_3se_FL2776012,0.969628395065431
2012m1_ref86_3se_FL2776013,0.9706070778658403
2012m1_ref86_3se_FL2776014,0.9715857606662521
2012m1_ref86_3se_FL2776015,0.9725644434760797
2012m1_ref86_3se_FL2776016,0.9735431262764914
2012m1_ref86_3se_FL2776017,0.9745218090769029
2012m1_ref86_3se_FL2776018,0.9755004918773145
2012m1_ref86_3se_FL2776019,0.9764791746871423
2012m1_ref86_3se_FL2776020,0.9774578574875539
2012m1_ref86_3se_FL2776021,0.978440789447672
2012m1_ref86_3se_FL2776022,0.9794237214077923
2012m1_ref86_3se_FL2776023,0.9804066533677781
2012m1_ref86_3se_FL2776024,0.9813895853184823
2012m1_ref86_3se_FL2776025,0.9823725172784682
2012m1_ref86_3se_FL2776026,0.9833554492385885
2012m1_ref86_3se_FL2776027,0.9843383811987065
2012m1_ref86_3se_FL2776028,0.9853213131586923
2012m1_ref86_3se_FL2776029,0.9863042451188127
2012m1_ref86_3se_FL2776030,0.9872871770693825
2012m1_ref86_3se_FL2776031,0.9882701090295026
2012m1_ref86_3se_FL2776032,0.9892530409894862
2012m1_ref86_3se_FL2776033,0.9902359729461482
2012m1_ref86_3se_FL2776034,0.99121890490783
2012m1_ref86_3se_FL2776035,0.9923005782875609
2012m1_ref86_3se_FL2776036,0.9933822516672915
2012m1_ref86_3se_FL2776037,0.9944639250374718
2012m1_ref86_3se_FL2776038,0.995545598417068
2012m1_ref86_3se_FL2776039,0.9966272717967987
2012m1_ref86_3se_FL2776040,0.9977089451765294
2012m1_ref86_3se_FL2776041,0.9987906185467097
2012m1_ref86_3se_FL2776042,0.9998722919264406
2012m1_ref86_3se_FL2776043,1.0
