address,index
4531,1.0
4533,1.0
4535,1.0
4546,0.9979947021016484
4550,0.9972307830437116
4551,0.9957810176779034
4562,0.9958011017333422
4566,0.9946832659671835
4568,0.9941504665007028
4570,0.9936371038559404
4572,0.9931148940800764
4582,0.9900340615338826
4582,0.9900340615338826
4584,0.9913806879904763
4586,0.9909422977837523
4586,0.9909422977837523
4586,0.9909422977837523
4586,0.9909422977837523
4588,0.9904689378745544
4590,0.9900714199564419
4590,0.9900714199564419
4592,0.9905170137681366
4592,0.9905170137681366
4594,0.9913639556059581
4594,0.9913639556059581
4596,0.9918337265689321
4596,0.9918337265689321
4598,0.9902326506641023
4600,0.9893096896991976
4601,0.9874293203993613
4608,0.9880941770016733
4612,0.9863292496304453
4614,0.9857271322828475
4618,0.9852031559289027
4622,0.9827104165864494
4633,0.97906602231378
4635,0.9785802943474572
4637,0.9780986310630059
4642,0.9801786787294158
4650,0.9796103515192727
4654,0.9783936178165231
4658,0.9770508020657964
4660,0.9753049179820522
4661,0.9755794693782357
4664,0.9746482932684412
4670,0.9738704769403131
4676,0.9729559509346529
4680,0.9723574522081145
4700,0.9672902686327721
4701,0.9654765319390084
4702,0.9660568166853785
4705,0.9646851119566895
4708,0.964544780711966
4711,0.9622556644910937
4715,0.9603658106624035
4718,0.9630279939916371
4720,0.9615645720990995
4724,0.9605264677071109
4725,0.9595814161691613
4733,0.9567455077055149
4747,0.952772298182604
4750,0.9571626530517283
4752,0.9566995718747823
4754,0.9562489814987303
4758,0.9554206834921825
4760,0.9531526081947921
4768,0.9521623627883025
4770,0.9514714492580009
4772,0.950400213948909
4777,0.9502010263823604
4800,0.9463271639726784
4801,0.9466269154593355
4808,0.9447369072880126
4810,0.9443418923999716
4812,0.9436282972272927
4814,0.9429414088781147
4816,0.9421406029697068
4818,0.9416504216033484
4820,0.9411521025477586
4824,0.9398397711663359
4837,0.9437175190456872
4850,0.9368347015660662
4852,0.9360516904915468
4856,0.9350493530379723
4858,0.9343774835987265
4860,0.9335224138740856
4862,0.9330447869529522
4864,0.9326140307869961
4866,0.9316979698170927
4867,0.9321985080183657
4868,0.9310746286327783
4870,0.9299406656334366
4872,0.9293127728446635
4900,0.9263656399453714
4901,0.9265656830510776
4902,0.9253916071144739
4903,0.9254321953050572
4907,0.9246020707561083
4908,0.9238269324418722
4909,0.923918603806623
4910,0.9229976970865345
4912,0.922154193428061
4913,0.9230743561042942
4915,0.9227340843686738
4917,0.9223678706565357
4917,0.9223678706565357
4918,0.9206547678272399
4919,0.9219694474556283
4920,0.9199540374889502
4921,0.9204079641483429
4922,0.9196394447966031
4924,0.9193719722024116
4925,0.9197512495550226
4926,0.919037259503636
4928,0.9187015547792188
4929,0.91852309346407
4950,0.9150646813099127
4951,0.9158033055921797
4953,0.915451278546405
4955,0.9150972922602676
4956,0.9135296428515323
4957,0.9147105425759504
4959,0.9134826014323958
4960,0.9119558399917018
4961,0.9131267593335256
4963,0.9127481031086424
4965,0.9123794686964942
4966,0.9103442156744175
4967,0.9116005445923081
4969,0.9111141710460343
4970,0.908555038343073
4971,0.9106407428436221
4973,0.9096693097667238
4977,0.9088826688889137
4979,0.9081231917104132
5000,0.9056764857928141
5001,0.9054991545199226
5002,0.9050285662789275
5004,0.9046325247769006
5006,0.9037502557025646
5007,0.903944171735459
5008,0.9030131037080222
5009,0.9027934959833119
5010,0.9022415453573985
5012,0.9017720492141509
5014,0.9013200920199969
5016,0.9006584165728272
5017,0.9019291665949479
5017,0.9019291665949479
5018,0.9002486496979196
5019,0.9012120587798191
5020,0.8998164103252678
5021,0.9008950829588263
5023,0.900588100704935
5023,0.900588100704935
5024,0.8989449218554307
5025,0.9001871382041322
5026,0.8978901167205836
5027,0.8990777759654315
5050,0.8951329745173889
5051,0.8941285340181335
5054,0.8942027901807881
5055,0.8928182056698255
5056,0.893327365318866
5057,0.891698567698617
5058,0.8926448398519246
5060,0.891836480212396
5061,0.8903066230822148
5061,0.8899029964942368
5061,0.8903066230822148
5061,0.8899029964942368
5062,0.891037668651648
5063,0.8895002911498439
5063,0.8895002911498439
5065,0.8895149735472422
5067,0.8881700887803919
5068,0.8901543762654889
5070,0.8896598088915354
5072,0.8892688873092318
5074,0.888743503978652
5076,0.8880830437521607
5100,0.8836453419565176
5101,0.884527647701993
5103,0.8842286443929511
5105,0.8839014194474478
5107,0.8835961667979508
5108,0.8819174965793353
5109,0.882554160419959
5110,0.8815877486811228
5113,0.8818370201002587
5114,0.8803692363046997
5115,0.8806106707725663
5119,0.8790782015079895
5119,0.8790782015079895
5121,0.8785195495227284
5124,0.8769386235109288
5125,0.877707461339408
5125,0.877707461339408
5127,0.8768534842249254
5127,0.8768534842249254
5129,0.8761012730906977
5131,0.8752872255203915
5131,0.8752872255203915
5133,0.874703525214798
5135,0.8743560689457552
5136,0.8740428929971669
5137,0.8740343984116059
5138,0.8737730772709373
5139,0.8736846093386794
5140,0.8713516598579479
5140,0.8713516598579479
5143,0.8728416878630196
5144,0.8705541507340485
5153,0.8680677582474984
5154,0.8687312273115709
5156,0.8671796070685548
5160,0.8666911577690259
5160,0.8666911577690259
5161,0.866811800724482
5162,0.8662487377545873
5162,0.8662487377545873
5167,0.8635597117620992
5168,0.8653344115633003
5169,0.8634362386173091
5170,0.8634209797496009
5171,0.8633240603234676
5173,0.8631933978020075
5175,0.8630378703268775
5177,0.862876123509679
5179,0.8626988258348216
5181,0.862518402643081
5183,0.8623286535265221
5185,0.8621358065640965
5187,0.8619553818076209
5200,0.8588982316591081
5201,0.8588482095370814
5203,0.858452256927155
5205,0.8580407976126339
5207,0.8575829728474662
5208,0.8580608765974362
5209,0.8565793597914904
5211,0.8560803968495412
5213,0.8555864417487711
5214,0.8561435583994529
5216,0.8550504293315332
5218,0.8543927701064062
5220,0.8536883351521493
5222,0.8528815887170599
5223,0.8547795923793193
5224,0.8520749813832376
5225,0.8535090032519222
5227,0.8525633707271415
5230,0.8500173874813343
5233,0.8517436273483295
5233,0.8517436273483295
5250,0.8489862627697408
5255,0.8474081828963468
5261,0.8463354787141687
5262,0.844575762767897
5265,0.8443139756171606
5270,0.8434884101018869
5271,0.8427672679176057
5273,0.8423682748899048
5274,0.8419135916217402
5275,0.8420047635698509
5277,0.8416119193402676
5278,0.8403343481275806
5280,0.8395918927116108
5283,0.8406912993647593
5285,0.8401994225222233
5287,0.8397710034488584
5300,0.8355319850308072
5301,0.8343391115421785
5302,0.8351183523655251
5303,0.8337103396681756
5308,0.8340926229134639
5314,0.832288490168373
5316,0.8315810768722726
5316,0.8315810768722726
5317,0.8319106408806124
5318,0.8304839595106778
5319,0.8316224788316571
5320,0.8301626039713658
5320,0.8301626039713658
5320,0.8301626039713658
5321,0.8312395357549711
5322,0.8297616505893641
5322,0.8297616505893641
5323,0.8305717133375959
5324,0.8294290162643756
5324,0.8294290162643756
5324,0.8294290162643756
5325,0.8301170624862189
5326,0.8286221336028882
5326,0.8286221336028882
5328,0.8276306893945321
5328,0.8276306893945321
5330,0.8263631930653156
5332,0.8261211495071811
5333,0.8297464984566053
5334,0.8258938862427673
5335,0.8294173440257354
5336,0.8256294425783411
5337,0.8290652371644837
5339,0.8287958427195549
5341,0.8281243149156948
5343,0.8277855935055939
5345,0.8273577645542096
5347,0.8270604997130917
5351,0.8260837788895131
5353,0.8257571916668647
5355,0.8254782592248237
5357,0.8251323809547155
5401,0.8223437597129046
5405,0.821393992424177
5409,0.8201080608111307
5419,0.8182378003861167
5420,0.8129561263596058
5422,0.8118870380751053
5425,0.8161956123333745
5429,0.8144996950668681
5435,0.8126762949525245
5445,0.8106120375969283
5449,0.8084651303541579
5450,0.8069769947488115
5451,0.8080428700381341
5453,0.8075654201974645
5500,0.8002478992343635
5509,0.7998550623949574
5510,0.799114431858594
5511,0.7987087760509844
5513,0.7981167692858573
5515,0.7973736853947073
5516,0.7973924762265477
5517,0.7969481154637603
5519,0.79647706020545
5520,0.796435404271636
5521,0.7958045465239647
5523,0.7953538283607934
5525,0.7948904854619708
5526,0.7951294659474287
5527,0.7941623243783753
5529,0.7936886969795789
5533,0.7920379541552154
5535,0.7916407192066403
5537,0.7911818053103621
5539,0.7909166926122304
5541,0.7904979736873688
5542,0.7913219447665566
5543,0.7901650895547896
5544,0.7895918334550046
5545,0.7863027073336958
5547,0.7860148205969201
5549,0.7857719412322831
5551,0.7854480056527119
5553,0.7846906248427373
5555,0.784339680698009
5600,0.7848974801754138
5601,0.7808205447516282
5603,0.7805216276252555
5604,0.784135003694534
5606,0.7836616348791735
5607,0.7797771206049516
5609,0.7792351556653816
5611,0.7786560390752642
5612,0.7821759383559415
5614,0.7816769515815898
5615,0.7778030287815049
5618,0.7800085850122207
5619,0.7762491390283726
5619,0.7762491390283726
5620,0.779553782806037
5621,0.7758401265040122
5623,0.7752772020745959
5624,0.7783272923786527
5625,0.7743414127933842
5626,0.7778865621738978
5627,0.7735436083200138
5628,0.7768002452862989
5630,0.7763735382313429
5632,0.7759140961223554
5633,0.7723060478407986
5634,0.7754292335280586
5636,0.7748788578012868
5638,0.7743095042957284
5639,0.7701425115782878
5640,0.773411829058771
5641,0.7687365865499357
5642,0.7728429331144805
5644,0.772034804041863
5646,0.7715055957854393
5647,0.7678171276400244
5648,0.7710195806331029
5656,0.7645040684623791
5657,0.7645525974968328
5657,0.7670292057937852
5700,0.7602299964720971
5734,0.74980176260241
5736,0.7486662171716442
5751,0.7468011460276043
5752,0.7457735628686891
5764,0.7442166870899446
5800,0.7395968235420646
5801,0.7394481216206791
5825,0.7371753546562383
5831,0.7310146883159488
5833,0.7302242714847029
5837,0.7292360688246846
5841,0.727711850786764
5842,0.7272279074603727
5849,0.7262944050723883
5851,0.7256151838754357
5853,0.7246209100163987
5857,0.7231418139801792
5858,0.7237684048067218
5900,0.7190899536052439
5901,0.719772285696882
5902,0.7187182513497244
5903,0.7193091610976126
5904,0.7183223982903751
5905,0.7184845718273639
5906,0.7174934334738731
5907,0.7180517585161962
5908,0.7168435234827847
5909,0.7172866431127255
5910,0.7161151140772023
5911,0.7164998923386217
5914,0.7149549592797804
5916,0.7144030876995178
5917,0.7161854590738557
5920,0.7133640907468565
5923,0.7149287639147203
5924,0.7123506957718662
5925,0.7128863970292296
5929,0.7117604867286252
5933,0.7103101205304972
5933,0.7103101205304972
5935,0.7098763000458992
5936,0.7094351359493165
5937,0.7094737941413789
5938,0.7091242335736923
5939,0.7085504782858376
5940,0.7086367376488534
5942,0.7083497999377434
5945,0.7068795754805207
5946,0.707768450473188
5950,0.706537319641262
5960,0.7053148818739469
6000,0.699212319755501
6001,0.7034757200080742
6003,0.7030439154558851
6005,0.7026372328425466
6007,0.70196905111922
6009,0.7017447531623552
6011,0.7004511833718673
6011,0.7004511833718673
6011,0.7004511833718673
6013,0.700064928321703
6015,0.6996934157745016
6017,0.6992661300506064
6017,0.6992661300506064
6017,0.6992661300506064
6019,0.698628026291607
6021,0.698203469637273
6023,0.6977338138141561
6040,0.6929682276549434
6048,0.6922771347865984
6050,0.6884513179576701
6055,0.694673100396267
6060,0.6858053976550372
6061,0.6938738683956795
6063,0.6921597872830575
6069,0.6904185854926743
6075,0.6886471305244612
6081,0.6869412745342579
6083,0.6863501338143005
6085,0.6854226366068936
6087,0.6848044881366423
6091,0.6839921715973695
6091,0.6839921715973695
6093,0.6835346770793107
6093,0.6835346770793107
6095,0.6829922756432977
6095,0.6829922756432977
6097,0.6824263206163412
6099,0.6816839953631223
6100,0.6772672709696325
6101,0.678153251449826
6102,0.6765354950393779
6105,0.6776119080660712
6106,0.6756419794169621
6107,0.6769889447419097
6109,0.6763745088125248
6110,0.6747784888298582
6111,0.6757945216053236
6112,0.6742599321681937
6113,0.6752227138630031
6114,0.6737808418989583
6117,0.6737163592536735
6120,0.6708128740718667
6121,0.6724248879790772
6122,0.6701101253017495
6124,0.6695200570883933
6125,0.6714614818833498
6130,0.6690928539001222
6134,0.6687362925573903
6200,0.6645070056356198
6201,0.6642273017937521
6202,0.6636514000213434
6203,0.6636735839979401
6205,0.6630986698132098
6207,0.6624807799525295
6209,0.6619501596590353
6210,0.6627449099973798
6211,0.661342888785198
6213,0.660687330099008
6215,0.6600570713789093
6217,0.6593536195361821
6218,0.6601407114502689
6219,0.6586717408524727
6220,0.658892468094333
6221,0.6579709698663385
6223,0.6572734869582038
6224,0.6576643531417367
6225,0.6565934438236327
6227,0.6559909525212516
6229,0.6555106988691141
6230,0.6562181756480134
6234,0.6542511190255645
6242,0.6535103859963015
6248,0.6517855549323407
6254,0.6501442356420305
6255,0.6483095110777808
6258,0.6495913051285449
6260,0.6487757253267574
6262,0.6483101431350679
6264,0.6478894923254693
6264,0.6478894923254693
6265,0.6479156575938096
6266,0.6470792148279341
6266,0.6470792148279341
6268,0.6464217567024159
6270,0.6455088972860438
6272,0.6448635345108698
6278,0.6440201763544123
6300,0.6366630889492784
6314,0.6331804442381718
6318,0.6317141769218155
6320,0.6309828701726767
6324,0.6301382177846477
6326,0.6294367310638581
6333,0.630345296150973
6351,0.6269839596608446
6353,0.6267269161059346
6357,0.6253313899426584
6360,0.6276239211969943
6362,0.6272606354429823
6363,0.6235104838064686
6364,0.626885776978647
6366,0.6264557729616335
6368,0.6260367960051849
6370,0.6256398834254733
6372,0.6252098691537851
6373,0.6216471495590153
6374,0.6248570358214731
6376,0.6243622964233344
6378,0.6214577226959976
6380,0.6218249505694858
6382,0.6218249505694858
6384,0.6218249505694858
6386,0.6218249505694858
6388,0.6214577226959976
6390,0.6214577226959976
6392,0.6221743537128253
6394,0.6218249505694858
6396,0.6218249505694858
6398,0.6218249505694858
6400,0.6161179739399256
6404,0.6157592014949834
6406,0.6150327169939244
6406,0.6150327169939244
6407,0.6168866512631823
6408,0.6146311390085331
6409,0.6159570188690158
6410,0.6139138202536065
6411,0.6138034267771597
6414,0.6135966879667561
6427,0.6092059846007919
6429,0.60788373518662
6430,0.6090244812381388
6432,0.607013978874635
6433,0.6071851447646933
6434,0.6066784619281639
6436,0.6063500500859098
6437,0.6065469214632734
6439,0.6059587118821232
6443,0.6055701086359424
6445,0.6052210663689893
6449,0.6041475742463974
6450,0.6018966127351574
6453,0.6024759800777283
6455,0.6009853927671567
6460,0.6010705420360622
6461,0.6002328702331112
6462,0.600423328604736
6463,0.5995070488687649
6464,0.5951765458265637
6465,0.5988846464431328
6476,0.594670703466382
6478,0.5939803590414103
6480,0.5933848245525918
6500,0.5906783316530814
6501,0.5962973596607215
6503,0.5959682667730921
6505,0.5956216496168274
6507,0.5943740835185379
6509,0.5936058975117718
6513,0.5927644802588508
6514,0.5864275560741581
6514,0.5864275560741581
6515,0.5917509756390712
6516,0.5859895767675445
6516,0.5859895767675445
6518,0.5855705446628154
6520,0.5839914626242786
6522,0.5839914626242786
6523,0.5901703282368911
6525,0.5893279815273155
6526,0.5839914626242786
6528,0.5829214322889793
6530,0.5824246951610516
6534,0.5813688701492186
6536,0.5809161559254081
6540,0.5793390641456865
6547,0.5821700757446971
6548,0.5786825055525727
6549,0.5816722193626286
6550,0.5782831198766821
6553,0.5806418510182133
6555,0.5800631642860505
6557,0.579518760030188
6565,0.5778970958374945
6600,0.5754055524702056
6601,0.5760490199748556
6603,0.5755588948519679
6603,0.5755588948519679
6605,0.5750792680639838
6607,0.5746169384296894
6609,0.5741266207072399
6610,0.5735152116799324
6611,0.5737050856240765
6613,0.5732710025775889
6616,0.5717544080638421
6618,0.5702054176360345
6618,0.5702054176360345
6618,0.5702054176360345
6618,0.5702054176360345
6618,0.5702054176360345
6620,0.5694014489614404
6620,0.5694014489614404
6622,0.5691490716456137
6624,0.5685814514970496
6625,0.5684760246113755
6630,0.566881525680237
6631,0.5670052268472433
6634,0.5651094577043525
6638,0.5642410452247549
6640,0.5626586214122552
6641,0.5651455803455586
6642,0.5619591916226759
6648,0.561061009708538
6649,0.5613314580454151
6650,0.560335859011525
6652,0.5599976379636626
6654,0.5594197920178493
6656,0.559085087138911
6657,0.5578914346871172
6658,0.5587579991349202
6660,0.5538168702803957
6665,0.5564175365083126
6671,0.5533502264205006
6675,0.5514166044660387
6679,0.5510303999279109
6683,0.5502843410218982
6685,0.5499934825305394
6686,0.5493381978780623
6687,0.5496765488924727
6689,0.5493591819387816
6690,0.5472081316768147
6694,0.5467694937120384
6700,0.5431433576311989
6701,0.5451209350916281
6703,0.5448138756303582
6705,0.5444771831344238
6712,0.5405298527607533
6712,0.5405298527607533
6713,0.5422551303121136
6713,0.5422551303121136
6714,0.5391336179739837
6716,0.5386576450699595
6716,0.5386576450699595
6718,0.5380312283268345
6720,0.5374539351243807
6720,0.5374539351243807
6720,0.5374539351243807
6720,0.5374539351243807
6724,0.5369970041711255
6724,0.5369970041711255
6725,0.5391271542686155
6726,0.535944088195244
6727,0.5384783118585832
6729,0.5381039317529795
6730,0.5351402406776459
6734,0.5338935607539301
6736,0.5333914204915335
6738,0.5330357854169032
6740,0.5323842980001983
6749,0.5337899210851771
6750,0.5294410200156859
6751,0.5334382140377514
6755,0.5326800665172788
6757,0.5318189811095481
6760,0.5277821890427669
6767,0.5292518879868051
6800,0.5231660917528085
6802,0.5228717380682015
6804,0.5223312159853822
6806,0.5218846418276993
6808,0.5214337950602571
6810,0.5207573502223025
6812,0.5202971861394194
6814,0.519870827700485
6816,0.519209850646066
6816,0.519209850646066
6818,0.5187656922618692
6820,0.5182913607700147
6822,0.5176131733794733
6826,0.5160271315017861
6830,0.5145028891843533
6834,0.5130735659694348
6836,0.512886010020916
6838,0.5121355239427102
6840,0.511947983613979
6842,0.5103846808341276
6848,0.5099469753358867
6902,0.5056595358085032
6904,0.5054719951717663
6908,0.503908686605609
6912,0.5023454174412033
6920,0.5019076187088215
6924,0.5015778364686783
7001,0.49682038646675314
7006,0.4938254791534853
7009,0.49638268356545506
7011,0.4949444099350581
7014,0.49152835107857257
7015,0.49306835566162865
7022,0.4910906383655285
7023,0.4926307391943765
7025,0.49119260233660667
7029,0.48931647097204606
7032,0.4863576764600655
7033,0.48744014675552977
7037,0.4870024967856689
7038,0.4844758081845874
7039,0.4855641438517927
7040,0.4819444430402491
7045,0.48368811071076806
7051,0.4818121556383739
7055,0.48043650804441485
7057,0.4799360985941021
7059,0.47949837468852036
7060,0.4787020505915178
7061,0.4793107407095951
7063,0.47824770325299
7064,0.4780694810417373
7065,0.47806014721894946
7067,0.4776225493335616
7069,0.4774347242550578
7070,0.4769760700728587
7071,0.47637176316738306
7073,0.47618428846277167
7075,0.47574650681909647
7077,0.4754391350255316
7079,0.4752065943637948
7100,0.47078115755697414
7101,0.4697882122030089
7103,0.4694179335747004
7105,0.46903916197251
7107,0.4685834323972336
7110,0.46938686881405817
7111,0.46743202585607957
7113,0.4669939667860159
7113,0.4670642127695076
7116,0.4678236420375776
7120,0.46738591528293294
7122,0.46626060161897154
7124,0.4658683662639534
7126,0.4655910719727345
7128,0.46528356850257035
7130,0.4650358573813409
7133,0.46210651850928736
7133,0.461745250773924
7133,0.46210651850928736
7140,0.4618687512702274
7144,0.45969245816532706
7146,0.45941785747449204
7148,0.4584740670797686
7150,0.4582864595791557
7151,0.45775884892886637
7152,0.45786524609477275
7153,0.4575712543253823
7154,0.45761762833677505
7155,0.4573836743778758
7156,0.4573097277732762
7157,0.4569459618766918
7158,0.45434195025403923
7159,0.4557578780458323
7160,0.45410937686014086
7165,0.45413208390008564
7167,0.45369434044807666
7167,0.45369434044807666
7169,0.4526960671509004
7169,0.4526960671509004
7171,0.4525085031912969
7171,0.4525085031912969
7175,0.4508826809390847
7175,0.4508826809390847
7176,0.4515211046291866
7177,0.45044494944282465
7178,0.45129323680566535
7179,0.45025737880442335
7180,0.45058061127888316
7181,0.4500697499988924
7183,0.4498821737713861
7188,0.4489650708788413
7201,0.4459723417682298
7204,0.4426268890839731
7207,0.4446291897695581
7212,0.4394775177922934
7213,0.4425321599592212
7219,0.44081248168269743
7219,0.44081248168269743
7220,0.43805446976984885
7222,0.43680182521420796
7223,0.44037477199404695
7224,0.43661425840333706
7225,0.44018717232445215
7226,0.43617675365138875
7228,0.43598901875106494
7251,0.4354993342805047
7256,0.43136172187099336
7257,0.43373660711612044
7258,0.4311741273922664
7260,0.43098651598846915
7263,0.4320596524645922
7266,0.4305490074174183
7266,0.4305490074174183
7268,0.42942321756114615
7268,0.42942321756114615
7268,0.42942321756114615
7270,0.4289855221758194
7272,0.4287869872289956
7274,0.42804760522455554
7275,0.4303400792212533
7276,0.427860062211054
7278,0.4267595565945893
7280,0.42648436549131336
7282,0.4262969766786521
7283,0.42990142529954584
7284,0.42585933465579895
7285,0.42966903719211197
7286,0.4249212553879342
7287,0.4293615975800237
7288,0.42473354055860196
7288,0.4258051253749431
7290,0.4240781499646598
7300,0.41947375708614104
7305,0.4252674890964307
7307,0.4250798806802132
7308,0.4177477776721918
7309,0.4246414375797987
7311,0.4243495326606882
7312,0.4173070659799955
7313,0.42370578874104425
7314,0.4160186809420022
7315,0.4235166436779955
7317,0.42195328027219414
7318,0.41558121793597813
7319,0.42038717262342684
7320,0.41429285060608
7323,0.4199494160473601
7324,0.413855282412264
7351,0.4156450699014187
7353,0.41535268977806816
7355,0.41516506580113677
7357,0.4149775144617563
7359,0.4145397650182933
7360,0.40823427383112243
7361,0.4142320495544341
7363,0.4132892243803002
7364,0.40695627022032044
7365,0.4131015792009915
7366,0.4067687515943024
7366,0.4067687515943024
7367,0.41122649512805265
7370,0.4055588974213334
7372,0.4052005297122585
7373,0.41078880200099605
7401,0.4065199935165451
7402,0.399265532652186
7403,0.4063323934383664
7404,0.3987294541902561
7405,0.40476911365665497
7406,0.3980461263120697
7408,0.3978585114958289
7410,0.3974208749902921
7412,0.39645168005752074
7414,0.396013926056635
7415,0.40433139025422205
7416,0.39504467018231654
7417,0.40320584124623915
7419,0.401625456371635
7420,0.39460709512325753
7422,0.39363779062126764
7423,0.40096745114555715
7424,0.39320010494878643
7425,0.39998923945218523
7426,0.39301256260725326
7427,0.39896312713953
7429,0.3982953201774512
7431,0.39772704403168974
7437,0.39690822052369534
7439,0.39622116423943254
7441,0.3959963045336338
7445,0.3928405006690561
7445,0.3928405006690561
7445,0.3928405006690561
7447,0.3926172328566089
7449,0.392411754381709
7500,0.38678441426016946
7501,0.38877475794885186
7505,0.38846125695277656
7507,0.3881748019223154
7509,0.38772016384383295
7509,0.38772016384383295
7510,0.38647179414201954
7511,0.38729647417282786
7512,0.38613912304772596
7513,0.38627582306685737
7514,0.38586581996406766
7515,0.3859676358386486
7517,0.38523426957840035
7518,0.385406905617012
7519,0.384884327276828
7520,0.3838122119889692
7522,0.38337450168794596
7523,0.3844939224976861
7524,0.383061839562693
7525,0.3841095654037367
7527,0.38371569072290784
7528,0.3819082452857279
7529,0.38334194959189766
7531,0.38298450595539946
7533,0.38262002784012694
7550,0.37820317489131117
7551,0.3781480837862592
7555,0.37783510893686956
7555,0.37783510893686956
7556,0.3777150253225972
7557,0.3773977175276684
7557,0.3773977175276684
7559,0.3765826107419799
7560,0.37727724454300626
7561,0.3761478499789322
7561,0.3761478499789322
7562,0.3756823759079682
7563,0.3756475397894242
7564,0.375244896934934
7566,0.37493218055783084
7567,0.3747411725912275
7568,0.3739611442749979
7569,0.37442850959748364
7570,0.3736483141040887
7571,0.37361568909773435
7573,0.3733029645984477
7574,0.3732107573187843
7575,0.37286525318435193
7576,0.3728978523897355
7578,0.3719598034561507
7580,0.37164687008952924
7600,0.367778714501886
7601,0.36814229085941336
7607,0.3677044683221857
7608,0.36701885563751
7610,0.365827197072388
7611,0.3661429787568914
7613,0.36532983709661754
7614,0.3650583515883273
7615,0.3648919984948766
7616,0.36394225048200507
7619,0.3645494259019939
7620,0.36325513678091564
7621,0.36411165116640115
7623,0.36348642354277244
7626,0.3613910973526129
7627,0.3620795558306838
7629,0.36186047262286236
7630,0.361018138953004
7631,0.36164162760878676
7633,0.36142279724101684
7650,0.3566653238950888
7650,0.3566653238950888
7652,0.3563582246539097
7655,0.35544084012125826
7656,0.3560399343785004
7660,0.3551782847227828
7677,0.3539884254484162
7700,0.3477650855373173
7707,0.34711333751726137
7710,0.345976041177185
7715,0.34386727603113326
7720,0.3449745370350647
7722,0.34422597102737235
7750,0.33778258855678334
7755,0.33678239572395646
7756,0.3345638641107937
7758,0.33409671080034464
7771,0.33363813531171266
7773,0.3333023992865977
7775,0.33298483831516534
7777,0.33273247710423903
7779,0.3323936841898334
7783,0.3315431286550875
7785,0.3312219517467266
7787,0.33088868220987877
7789,0.330559391426881
7800,0.3275291227734131
7801,0.3273151799305592
7803,0.32684150978288856
7805,0.3263407149175035
7807,0.325853380648498
7809,0.32542027545689733
7811,0.32490612006942643
7813,0.3244645788214744
7815,0.3231873965684159
7833,0.32096705358349537
7850,0.31587422645086016
7851,0.31586169578784384
7855,0.3144067343867808
7860,0.3153154029966622
7862,0.3149360309986443
7864,0.3142734597960649
7865,0.3123891870241052
7868,0.31284364291892247
7871,0.31178661920592965
7878,0.3124154831127608
7880,0.3112919195754016
7900,0.3046748539922404
7901,0.30355398258117683
7907,0.30286088775001496
7910,0.30393722203503265
7912,0.30324566434506245
7916,0.3025895858389616
7917,0.3019261756983047
7918,0.3020182529942178
7919,0.3004289528019265
7920,0.3004647417885606
7922,0.29980703918018736
7940,0.29805815375904365
7948,0.29755257497209747
7950,0.2911838728871299
7950,0.2925423882974344
7951,0.2944351680040804
7953,0.29413576275834485
7955,0.2937952338453931
7957,0.2927471406926964
7959,0.29156343567019205
7961,0.2909030171616851
7963,0.29064315689097686
7965,0.28982972130394247
7967,0.2895251276645876
7971,0.28564594745609573
7974,0.2841849838676047
7974,0.2856594480958879
7974,0.2841849838676047
7974,0.2856594480958879
7974,0.2841849838676047
7974,0.2856594480958879
7976,0.2837078409923824
7976,0.2847884745942965
7979,0.2850902268579951
7980,0.2842717759822818
7980,0.283269999677405
7982,0.2839243895466961
7984,0.28361339554062776
7986,0.28333907462976665
7988,0.28305598197138987
7990,0.283443344796898
7992,0.283045670173138
7992,0.28262943965302756
7994,0.28285056518647067
7994,0.28230245990064523
8000,0.2789212137760068
8001,0.280927792714918
8002,0.27837092644464584
8004,0.2778268623150073
8005,0.2804205732437835
8006,0.2772752943134312
8008,0.2767178056627622
8010,0.27611713896153367
8012,0.27553970312288023
8017,0.27966825650875626
8018,0.27497401736901506
8021,0.27930057482881837
8023,0.27904639514567037
8024,0.2744407081074811
8025,0.27837136417361813
8027,0.2779226448833211
8029,0.2769387603442056
8033,0.27650526921260593
8100,0.27365191505235625
8101,0.2729361004405746
8102,0.27324342128722595
8106,0.2727416093127412
8108,0.2722268481487813
8117,0.26709366390542133
8118,0.26808276201747944
8131,0.26303256511480205
8148,0.2615121167107351
8150,0.26118190079754494
8152,0.26085266900701726
8154,0.26051476877127955
8156,0.2601996745156128
8157,0.25734028076723436
8158,0.25987809940921563
8160,0.2595489035423261
8161,0.2547559836370272
8162,0.25923378814043946
8164,0.2589121552208337
8165,0.25422436105738344
8166,0.2571163125151459
8168,0.25678077053269943
8170,0.25646455015497677
8171,0.2529964456482524
8172,0.25614293934107113
8174,0.2558023298125693
8176,0.25548211983763003
8178,0.25514834227679906
8180,0.2548102214236142
8182,0.25447613750544484
8200,0.2506894967108712
8201,0.25136159160640165
8201,0.25136159160640165
8203,0.2510735720297758
8203,0.2510735720297758
8205,0.2507874827231651
8205,0.2507874827231651
8207,0.24947159235967953
8207,0.24947159235967953
8209,0.24918893459278055
8210,0.2481667383705652
8212,0.247041529780095
8214,0.24682584490257048
8215,0.24798644213323032
8218,0.2450313223034959
8220,0.24466190667522694
8222,0.24443494585413222
8222,0.24389931299209425
8224,0.24423945035648334
8225,0.24175581922477135
8225,0.2417363667841575
8226,0.24339428264756985
8226,0.24279245286152742
8228,0.24153511030081629
8228,0.24136840644599936
8240,0.23859417737518593
8240,0.2379454319784483
8250,0.23273904676650004
8254,0.22992880036685528
8254,0.23227307691291166
8255,0.23272083539017704
8255,0.23347766377430954
8260,0.23006394714898384
8262,0.22827988005627078
8264,0.22656244773247805
8265,0.23034605249353635
8265,0.2303316374360037
8268,0.22620053237219606
8272,0.22559461098876085
8272,0.22766383613319077
8278,0.22392739060813682
8280,0.22329783086079216
8282,0.2256452600186949
8285,0.22345355122065544
8285,0.22568833174097358
8286,0.22449376458706902
8286,0.22251476945748536
8300,0.21366548539523852
8301,0.22051062903722457
8335,0.21248886559407038
8337,0.2113001715744193
8339,0.21122426247475937
8341,0.21080108039725923
8343,0.2102730853037315
8345,0.20965804787797518
8351,0.20970324770245288
8351,0.20670099122266983
8355,0.2119459081000337
8358,0.20000229486207677
8358,0.1999170888675982
8363,0.20351682519902894
8363,0.20337397218230763
8373,0.20111080273491277
8373,0.19905080019530844
8400,0.19566361482561564
8401,0.19077946802604567
8401,0.19364286020494711
8404,0.1974967507543381
8417,0.18881502915584567
8420,0.1871988359749236
8423,0.18657851260745434
8425,0.1853125615683458
8433,0.18358201252463438
8433,0.1841565436473194
8439,0.17923109240178725
8439,0.18020552491953504
8440,0.1789384191164893
8459,0.1708574498214842
8462,0.1731677044702181
8474,0.16917526078633915
8480,0.16461392170185027
8480,0.1662409773285808
8481,0.16501909334946244
8490,0.16264780966693318
8497,0.1606252916479193
8497,0.15949955935694973
8499,0.16020368009651653
8500,0.1570853177072657
8501,0.15473027507979908
8516,0.15536611579871729
8524,0.15289912171856854
8525,0.15186261825397482
8535,0.1484591658417892
8539,0.14487789414368116
8544,0.14804068033950624
8555,0.1402185031229484
8560,0.14023775752738143
8569,0.13676764923256354
8569,0.13440929161365409
8570,0.1333888918214902
8585,0.12573599174457656
8585,0.12792063404925377
8600,0.11588335268056427
8600,0.1169137161841441
8601,0.13049509730374104
8619,0.12849228419816439
8623,0.11917460227303739
8623,0.11543448417320284
8721,0.1074503898731489
8721,0.10771898362824728
8730,0.10461751961594495
8733,0.10513768836973715
8733,0.10487724031793952
8743,0.10293639964605668
8743,0.102168149662963
8746,0.10191801940863632
8752,0.10067068343536834
8752,0.1002231046126754
8755,0.09695313362017483
8755,0.09814334062277
8760,0.09888664853411691
8760,0.09765458643718483
8768,0.09504661319018247
8768,0.09463985731100666
8775,0.09473836968237963
8775,0.09450398866049069
8776,0.09177968082233302
8776,0.09278526225412691
8789,0.08970004611533546
8789,0.0888130918902445
8795,0.08860457003838278
8795,0.09081408774408792
8801,0.08280455581836313
8818,0.08184690655295171
8824,0.08059542654871459
8828,0.07990446566132066
8830,0.07749322367005479
8831,0.07852193383477071
8833,0.07635027524437417
8849,0.07156527333639416
8850,0.07133804205883776
8866,0.06808178381516779
8873,0.06710452074248628
8874,0.06637212142800032
8900,0.06069009902293096
8900,0.06137510686493525
8901,0.06277442206866932
8907,0.060341174466023786
8912,0.05907224713338924
8919,0.058030685058543044
8920,0.05652515789023962
8947,0.052849247858829704
8950,0.049122956206226094
8961,0.05034983616623767
8969,0.048006208356727434
8981,0.044478512526863426
9000,0.04133635589559242
9001,0.04100462011130434
9015,0.04324918722138984
9015,0.04324918722138984
9016,0.03822524170650256
9021,0.03820489834160192
9021,0.03710856508871664
9024,0.03550090399885391
9034,0.03282422124876
9035,0.03380841574552085
9039,0.03234921211135219
9040,0.030228273063479586
9041,0.030234878018161798
9056,0.02696816658850213
9059,0.02723022996533021
9100,0.02078167295383002
9101,0.022076343739681425
9111,0.019812153983169933
9119,0.018152175513952623
9120,0.015611567104654103
9121,0.0165892698939678
9131,0.014244868335593026
9145,0.01176826766365561
9151,0.009968687871914027
9156,0.00956767434004232
9157,0.006199579977014844
9157,0.006767384493186277
9160,0.007148887457116955
9165,0.004911872763455606
9166,0.005540767895593368
9174,0.0033686382192429708
9201,0.003683845934825624
9201,0.0
